PATNO,COHORT,SPLIT,has_motor_data
100001,1,TRAIN,True
100002,1,TRAIN,True
100004,2,TRAIN,False
100005,1,TRAIN,True
100006,1,TRAIN,True
100007,1,TRAIN,True
100012,1,TRAIN,True
100017,1,VAL,True
100018,1,TRAIN,True
100030,4,VAL,False
100066,4,TRAIN,False
100067,4,TRAIN,False
100080,4,TRAIN,False
100102,4,TRAIN,False
100107,4,TEST,False
100118,4,VAL,False
100119,4,TRAIN,True
100122,4,TEST,True
100128,4,VAL,False
100232,4,VAL,True
100250,4,TRAIN,True
100266,4,TRAIN,False
100267,1,TRAIN,True
100268,1,TRAIN,True
100313,4,VAL,False
100393,4,TRAIN,False
100424,4,TRAIN,False
100445,4,TRAIN,True
100511,4,TRAIN,True
100520,4,VAL,False
100547,4,TEST,False
100555,4,TRAIN,False
100568,4,TRAIN,False
100602,4,TRAIN,False
100614,4,TRAIN,True
100639,1,TRAIN,False
100669,4,TEST,False
100677,4,TRAIN,True
100703,4,TEST,False
100712,4,TRAIN,True
100715,4,VAL,False
100738,1,TRAIN,True
100754,4,TEST,False
100812,4,TRAIN,False
100820,4,TEST,False
100842,1,TEST,True
100852,4,TRAIN,False
100858,4,TRAIN,False
100863,4,TEST,False
100878,1,TEST,True
100889,1,TRAIN,True
100890,2,TRAIN,True
100891,1,TRAIN,True
100898,1,VAL,True
100905,1,TRAIN,True
100911,1,VAL,True
100952,1,TEST,True
100956,2,TEST,True
100960,4,TRAIN,True
100971,4,TRAIN,True
100972,1,TRAIN,True
100976,4,TRAIN,False
100984,1,TEST,False
100987,4,VAL,True
100988,4,TRAIN,False
100990,4,TRAIN,True
101018,1,TRAIN,True
101021,4,TRAIN,True
101025,1,TRAIN,True
101026,1,VAL,True
101035,1,TRAIN,False
101038,1,TEST,True
101039,2,TRAIN,True
101047,1,TRAIN,True
101048,1,TEST,True
101050,1,TRAIN,True
101061,4,TEST,False
101067,4,TRAIN,False
101070,1,TRAIN,True
101071,4,TRAIN,False
101092,1,TRAIN,True
101100,4,TRAIN,False
101111,1,TRAIN,False
101115,4,TRAIN,True
101124,1,TRAIN,True
101140,4,TRAIN,False
101143,1,TRAIN,False
101144,1,TRAIN,False
101146,1,TRAIN,True
101148,4,TRAIN,False
101152,4,TRAIN,False
101158,4,TRAIN,True
101174,1,TRAIN,True
101175,1,TRAIN,True
101176,1,VAL,False
101178,4,TRAIN,True
101179,1,TRAIN,True
101186,1,TEST,True
101187,1,VAL,True
101195,2,TRAIN,True
101217,4,TRAIN,True
101221,1,TRAIN,True
101228,4,TRAIN,False
101230,4,TRAIN,True
101232,1,VAL,False
101233,4,TRAIN,True
101243,1,TEST,False
101247,4,TEST,True
101252,4,TRAIN,False
101279,1,TRAIN,True
101281,1,TRAIN,False
101291,1,TRAIN,False
101295,1,TRAIN,True
101296,4,TEST,True
101317,1,TRAIN,False
101329,1,VAL,False
101330,1,TRAIN,True
101335,1,TRAIN,False
101342,4,TEST,False
101344,1,TEST,True
101352,4,TRAIN,False
101361,4,TRAIN,False
101372,4,VAL,True
101383,4,TRAIN,False
101384,1,TRAIN,True
101421,4,TRAIN,False
101463,4,VAL,True
101469,4,TEST,False
101474,4,TRAIN,False
101476,1,TRAIN,True
101477,1,VAL,True
101478,1,TRAIN,False
101479,1,TRAIN,True
101480,2,TRAIN,True
101481,2,VAL,False
101482,1,TRAIN,True
101486,1,VAL,True
101492,1,TRAIN,True
101513,1,TEST,True
101515,4,TEST,False
101516,1,TRAIN,True
101517,2,VAL,False
101523,4,TRAIN,True
101540,4,VAL,False
101555,1,TRAIN,True
101556,2,TRAIN,True
101557,1,VAL,True
101566,1,VAL,True
101579,4,TRAIN,False
101588,1,VAL,False
101639,4,TRAIN,False
101645,4,TRAIN,True
101664,4,TRAIN,False
101674,4,TRAIN,False
101675,1,TEST,True
101680,1,TRAIN,True
101683,4,TRAIN,False
101684,4,TRAIN,False
101685,4,VAL,True
101687,1,TEST,False
101709,4,TRAIN,True
101711,4,VAL,True
101727,4,TRAIN,False
101734,4,TRAIN,True
101735,1,TRAIN,True
101738,4,TRAIN,True
101742,1,TRAIN,True
101743,4,TRAIN,True
101744,1,TEST,True
101747,2,TRAIN,True
101748,1,TEST,True
101749,1,TRAIN,True
101750,4,TRAIN,False
101751,1,TRAIN,True
101753,1,TRAIN,False
101755,1,TRAIN,True
101756,1,TRAIN,True
101761,4,TRAIN,True
101782,4,TRAIN,False
101799,1,VAL,True
101805,4,TRAIN,True
101836,1,TRAIN,False
101841,1,TRAIN,True
101845,4,TRAIN,False
101846,4,TRAIN,False
101884,4,TRAIN,True
101910,4,TRAIN,True
101931,4,TRAIN,False
101933,4,TRAIN,False
101956,4,TRAIN,True
101999,1,TRAIN,False
102001,4,TRAIN,False
102003,1,VAL,True
102009,4,TRAIN,False
102012,1,VAL,True
102027,1,TEST,True
102053,1,TRAIN,True
102054,1,TRAIN,True
102068,1,TRAIN,True
102073,4,TRAIN,True
102078,1,TRAIN,True
102092,4,TRAIN,False
102102,4,TRAIN,True
102112,4,TRAIN,False
102119,4,TRAIN,True
102136,4,TRAIN,False
102151,1,TRAIN,False
102154,4,TRAIN,False
102159,1,TEST,False
102197,4,TRAIN,True
102208,4,TRAIN,False
102225,4,TEST,False
102242,4,TRAIN,False
102245,4,TEST,True
102247,4,VAL,True
102249,4,TRAIN,True
102254,1,TRAIN,False
102293,1,TRAIN,True
102295,4,TRAIN,True
102303,1,TRAIN,False
102305,1,TRAIN,True
102307,1,TRAIN,False
102308,1,TRAIN,True
102312,1,TRAIN,False
102321,1,TRAIN,True
102323,4,TRAIN,False
102325,4,TEST,True
102328,1,VAL,False
102333,4,TRAIN,True
102336,4,TRAIN,True
102345,4,VAL,False
102364,4,TRAIN,True
102366,2,TRAIN,True
102373,4,TRAIN,True
102380,1,TEST,True
102381,2,VAL,False
102384,4,VAL,False
102399,4,TRAIN,True
102400,4,TRAIN,False
102410,4,TRAIN,True
102411,1,TEST,False
102417,1,TRAIN,True
102418,1,TRAIN,True
102419,1,TRAIN,True
102420,1,TRAIN,True
102428,2,TRAIN,False
102447,2,TRAIN,True
102454,4,VAL,True
102471,1,TRAIN,False
102475,1,VAL,True
102479,1,VAL,True
102484,1,TRAIN,True
102489,1,TRAIN,False
102490,1,TRAIN,False
102497,4,TRAIN,True
102503,4,TRAIN,True
102520,4,TRAIN,False
102525,1,TRAIN,False
102527,4,TRAIN,True
102529,1,TRAIN,True
102530,1,TRAIN,False
102552,1,VAL,False
102568,4,TRAIN,False
102978,1,TRAIN,True
102982,1,TRAIN,False
103072,4,TRAIN,False
103100,1,TRAIN,True
103161,2,VAL,True
103183,2,TRAIN,True
103296,4,TRAIN,True
103325,4,TRAIN,False
103428,4,TRAIN,True
103467,2,TEST,True
103542,2,VAL,True
103545,4,TRAIN,False
103566,1,TRAIN,True
103583,4,TEST,False
103603,4,TRAIN,False
10362,4,TRAIN,True
103699,4,TRAIN,True
103703,4,TRAIN,False
103717,1,TRAIN,False
103809,1,TRAIN,True
103813,1,TEST,True
103842,4,TRAIN,True
103857,4,TRAIN,True
103914,1,TEST,True
103924,1,TRAIN,True
10405,4,TRAIN,True
104111,4,VAL,False
104147,4,VAL,True
104380,4,TRAIN,False
104403,1,TRAIN,True
104894,4,TRAIN,False
10496,4,VAL,True
105007,1,TRAIN,False
105143,4,TRAIN,False
105384,4,TRAIN,False
105512,1,TRAIN,False
105577,1,TRAIN,False
105646,4,TRAIN,True
105711,1,TRAIN,True
105809,4,TRAIN,True
105824,4,TRAIN,True
105854,1,TRAIN,True
105942,4,TRAIN,False
10606,4,TRAIN,True
106111,4,TRAIN,True
106125,1,TRAIN,False
106126,2,TRAIN,True
106127,2,TRAIN,True
106149,4,TRAIN,False
106197,4,TRAIN,False
106269,4,TRAIN,False
106519,4,TEST,True
10662,4,TRAIN,True
10663,4,TRAIN,True
106703,1,TRAIN,True
10672,4,TEST,True
106809,4,TEST,False
106864,2,TEST,True
106947,4,TEST,False
106956,1,VAL,False
106987,4,TRAIN,True
107003,4,TEST,True
107099,1,TRAIN,True
107112,4,TRAIN,False
107331,4,TEST,False
107578,4,TRAIN,False
107590,4,TEST,True
107634,4,TRAIN,True
107648,1,VAL,True
10765,4,TEST,True
107668,4,TRAIN,True
10775,4,TRAIN,True
107836,4,TRAIN,False
108145,4,TRAIN,True
108304,4,TRAIN,False
108365,4,TRAIN,True
108554,4,TRAIN,False
108580,4,TRAIN,False
108589,1,TRAIN,False
108636,4,TRAIN,False
10874,4,TRAIN,True
108754,4,TRAIN,True
108781,4,TRAIN,False
108838,4,TRAIN,True
108909,2,TRAIN,True
109033,4,TRAIN,False
109364,4,TRAIN,False
10939,4,TRAIN,False
109451,1,TRAIN,True
109516,4,TEST,False
109517,4,VAL,False
109547,1,TRAIN,False
109619,1,TRAIN,True
109658,4,TRAIN,False
109663,4,TRAIN,True
109716,4,TRAIN,False
109776,4,TRAIN,True
109910,1,TRAIN,True
109921,4,TRAIN,True
110072,1,TEST,False
110148,4,TRAIN,True
110191,4,TRAIN,False
110192,1,TEST,True
110209,1,VAL,False
110212,1,VAL,True
110217,4,TRAIN,True
110218,4,TRAIN,True
110219,1,TEST,True
110220,1,TRAIN,True
110350,1,TEST,True
110360,1,VAL,True
110410,1,VAL,False
110535,1,TRAIN,True
110543,1,TRAIN,False
110686,2,VAL,True
110749,4,TRAIN,False
110854,4,TRAIN,False
110919,1,TRAIN,True
110955,4,TRAIN,True
110989,4,TRAIN,False
111031,1,TRAIN,False
111034,1,TRAIN,True
111099,2,TRAIN,True
111102,1,TRAIN,False
111278,1,TRAIN,True
111383,1,VAL,True
111429,4,TEST,True
111459,4,VAL,True
111545,1,TRAIN,True
111608,4,TRAIN,False
111615,4,TEST,False
111673,4,TRAIN,True
111801,4,TEST,True
112215,4,TRAIN,True
112218,4,TRAIN,False
112465,1,VAL,False
11247,4,TRAIN,True
112557,4,TRAIN,True
112691,1,TEST,True
112711,4,TRAIN,True
112712,1,TRAIN,True
112721,1,TRAIN,True
112729,1,VAL,True
112740,1,TRAIN,False
112749,4,TRAIN,True
112752,4,TRAIN,True
112760,4,TRAIN,True
112907,4,TRAIN,True
112926,1,VAL,True
112951,4,TRAIN,True
113003,1,TRAIN,False
113004,4,TEST,False
113043,2,VAL,True
113050,2,TRAIN,True
113085,4,TRAIN,False
113106,4,TRAIN,False
113270,4,TRAIN,True
113292,4,TEST,False
113351,4,TEST,True
113353,4,TEST,True
113355,1,TRAIN,True
113362,4,TRAIN,False
113365,4,TRAIN,False
113366,1,TEST,False
113369,2,TRAIN,True
113446,1,TRAIN,True
113447,2,VAL,True
113456,4,TRAIN,False
113460,1,TRAIN,True
113617,4,TRAIN,False
113645,4,TRAIN,True
113672,1,TRAIN,False
113690,4,TRAIN,False
113905,1,TRAIN,False
114081,4,TEST,True
114126,1,TRAIN,False
114137,1,TRAIN,True
114195,1,TRAIN,True
114198,4,TRAIN,True
114264,1,TRAIN,False
114265,1,TRAIN,True
114269,1,TRAIN,False
114272,1,VAL,True
114392,4,TRAIN,False
114526,1,TEST,True
114534,1,TRAIN,True
114551,4,TEST,True
114600,4,TRAIN,False
114613,4,TEST,True
114615,1,TRAIN,True
114617,4,TEST,False
114972,1,TEST,True
115150,4,TRAIN,False
115311,4,TRAIN,False
115328,4,VAL,True
115379,4,TRAIN,True
115403,4,TRAIN,True
115405,4,VAL,False
11543,4,TRAIN,True
115440,1,VAL,False
115448,1,TRAIN,True
115451,1,TRAIN,True
115605,1,TRAIN,False
115660,4,TEST,False
115680,1,TRAIN,True
115687,1,TRAIN,True
115692,1,TEST,False
115698,2,TEST,True
115749,4,TRAIN,False
115781,4,VAL,True
115812,4,TRAIN,False
115820,1,TEST,True
115863,4,TRAIN,False
115868,1,TRAIN,False
115871,1,TRAIN,False
116002,4,TRAIN,False
116008,1,TRAIN,True
116029,4,TRAIN,True
116043,1,TRAIN,True
11613,4,TRAIN,False
116146,4,TEST,False
116216,1,TEST,True
116230,2,TRAIN,True
116231,2,VAL,True
116241,4,TRAIN,False
116259,4,TRAIN,True
116337,2,TRAIN,True
116339,1,TRAIN,False
116508,1,TRAIN,True
116523,1,TEST,False
116529,1,VAL,True
116531,1,TRAIN,True
116563,1,TRAIN,False
116577,1,VAL,False
116674,4,VAL,False
116733,1,TEST,True
116742,1,TRAIN,True
11675,4,TRAIN,True
116812,1,TRAIN,True
116869,4,TRAIN,True
116870,1,TEST,True
116967,4,TRAIN,False
116999,4,TRAIN,False
117124,4,TEST,False
117170,4,VAL,False
117206,4,TRAIN,True
117442,4,TRAIN,False
117629,4,VAL,False
117743,4,TRAIN,True
117901,4,TRAIN,True
117980,4,TRAIN,True
118056,4,TRAIN,False
118352,1,VAL,True
118447,4,TRAIN,False
118726,2,TRAIN,True
119002,4,TRAIN,True
119032,1,VAL,False
119209,4,TRAIN,True
119253,4,TRAIN,True
119428,2,TRAIN,False
119456,4,TEST,False
11951,4,TRAIN,True
119522,1,TRAIN,True
119685,4,VAL,False
119702,4,TEST,False
119797,2,VAL,True
119905,4,TRAIN,True
119941,4,TRAIN,True
12005,4,TRAIN,True
120095,4,TRAIN,True
12019,4,TRAIN,False
120265,4,VAL,True
120287,4,TEST,False
120376,2,TRAIN,True
120403,1,TRAIN,True
120437,4,VAL,False
120544,1,TEST,True
120545,2,TRAIN,True
120549,4,TRAIN,True
120556,4,TRAIN,False
120622,4,TEST,True
120689,4,TRAIN,False
120738,4,TEST,True
120891,4,TRAIN,False
121109,1,TRAIN,True
121166,4,TRAIN,False
121179,4,TRAIN,False
121531,1,TRAIN,False
121543,4,VAL,True
121554,4,TRAIN,True
121555,4,TRAIN,False
121619,1,TRAIN,True
121621,2,VAL,True
121624,1,TEST,True
121626,1,TRAIN,True
121640,4,VAL,False
121771,4,TEST,True
121830,1,TRAIN,True
121854,1,TRAIN,True
121886,4,TRAIN,False
121907,4,TEST,False
122016,1,VAL,False
122064,4,VAL,False
122202,4,TRAIN,False
12224,4,TEST,True
122243,4,VAL,False
122317,1,TRAIN,True
122332,4,TRAIN,False
122460,4,TRAIN,False
122598,4,TRAIN,True
122645,1,TRAIN,True
122788,4,TRAIN,False
122817,4,TRAIN,False
122819,4,VAL,False
122992,1,TRAIN,False
123070,4,TRAIN,True
123084,4,TRAIN,False
123146,4,TRAIN,False
123362,1,TRAIN,False
123367,4,TRAIN,False
123594,1,TRAIN,True
124370,4,TRAIN,False
124414,4,TRAIN,False
12453,4,TRAIN,True
124650,4,TRAIN,False
124659,4,TRAIN,True
124708,4,TRAIN,False
124772,4,TRAIN,False
124793,1,VAL,True
12482,4,TRAIN,True
12485,4,TRAIN,True
124860,4,TRAIN,False
12493,4,TRAIN,True
12496,4,TRAIN,True
12499,4,TEST,True
12506,4,TEST,True
125061,4,TRAIN,False
12520,4,TRAIN,True
125355,4,TRAIN,False
125774,4,TRAIN,False
125817,4,TRAIN,False
12593,4,TRAIN,True
125939,4,TRAIN,True
125957,4,TRAIN,False
126102,4,TEST,True
126130,1,TEST,True
126138,4,TEST,True
12620,4,TRAIN,True
126245,4,VAL,True
126453,4,TRAIN,False
126567,4,VAL,True
126633,1,TRAIN,True
126812,1,TRAIN,True
12687,4,TRAIN,True
126988,4,TRAIN,False
127075,1,VAL,True
127423,4,TRAIN,False
127741,1,TRAIN,True
127791,4,TEST,False
12790,4,TRAIN,True
127907,4,TEST,True
128032,4,TRAIN,True
128173,4,TRAIN,True
128196,1,TRAIN,True
128230,4,TRAIN,True
128281,4,TRAIN,False
128318,4,TEST,False
128325,4,TRAIN,True
128335,2,TRAIN,True
128427,4,TEST,True
128590,1,TEST,False
128648,4,TRAIN,True
128891,1,TRAIN,False
128946,4,VAL,False
12898,4,TRAIN,True
129031,2,TEST,False
129048,4,VAL,False
129101,4,TRAIN,False
129255,4,VAL,False
129339,4,TRAIN,True
129386,1,TRAIN,False
129424,4,TRAIN,True
129443,4,TRAIN,False
129491,4,TRAIN,False
129515,1,TEST,True
129543,1,TRAIN,False
129569,4,TRAIN,False
129578,4,VAL,True
129759,4,VAL,False
129779,4,TRAIN,False
12984,4,VAL,True
130013,1,TRAIN,True
130028,2,TRAIN,True
130074,2,TRAIN,True
130156,1,VAL,True
130189,4,TRAIN,False
130190,2,TRAIN,True
130242,4,TRAIN,True
130256,1,TRAIN,False
13037,4,TRAIN,True
13039,4,TRAIN,True
130468,2,TRAIN,False
130492,4,TRAIN,False
130513,1,TRAIN,False
130556,2,VAL,True
130747,4,TRAIN,False
130764,4,TRAIN,False
130769,1,TRAIN,True
130784,4,VAL,True
130828,1,TRAIN,True
130831,1,TEST,True
130899,4,TRAIN,True
131065,4,TRAIN,True
131120,1,TRAIN,True
131121,4,TRAIN,True
131202,1,TRAIN,False
131351,4,TRAIN,False
131412,4,TEST,True
131602,1,VAL,True
131611,1,TEST,False
131619,4,TRAIN,True
131637,4,TRAIN,False
131886,4,TEST,False
131909,4,TRAIN,True
132034,4,TRAIN,False
132338,1,TRAIN,True
132431,4,TRAIN,True
132449,4,TRAIN,False
132480,4,TRAIN,True
132669,4,TRAIN,False
132728,4,TRAIN,True
132782,4,TRAIN,False
132951,1,TEST,True
133219,4,TEST,False
133294,4,TRAIN,True
133345,4,TRAIN,False
133424,4,TRAIN,False
133441,4,TRAIN,True
133472,1,TRAIN,True
133486,1,TRAIN,True
133489,1,VAL,True
133506,4,TRAIN,False
133507,1,VAL,True
133545,1,TRAIN,False
133554,1,TRAIN,False
133703,1,VAL,False
133743,1,VAL,True
133849,4,TEST,False
134011,4,TRAIN,False
134212,4,TRAIN,False
13424,4,TRAIN,True
134403,4,TRAIN,True
134442,1,TRAIN,True
134456,1,TEST,True
134467,4,TRAIN,False
134553,4,TRAIN,False
134566,4,TEST,True
134587,4,TRAIN,False
134601,4,TRAIN,True
134605,1,TRAIN,True
134629,4,TRAIN,True
134736,4,TRAIN,True
134785,4,TRAIN,False
134821,4,TRAIN,True
134844,4,TRAIN,True
134852,4,TRAIN,False
134874,4,TRAIN,False
135103,4,TRAIN,True
135121,4,TRAIN,True
135122,4,TRAIN,True
135166,4,TRAIN,False
135190,4,TRAIN,True
135200,4,VAL,False
13522,4,TRAIN,True
135282,4,TRAIN,False
135379,4,TRAIN,False
135438,1,TRAIN,False
135465,4,TRAIN,False
135547,4,TEST,False
135579,1,TRAIN,True
135648,4,TRAIN,True
135649,4,TRAIN,False
135704,1,VAL,True
135705,2,VAL,False
135861,1,VAL,True
13589,4,TRAIN,True
135905,4,TRAIN,False
135938,4,VAL,True
135975,4,TRAIN,False
136098,4,TRAIN,False
136328,4,TRAIN,False
136370,4,TRAIN,False
136438,1,TRAIN,False
136539,4,TRAIN,False
136600,1,TRAIN,True
136619,4,TEST,False
136645,4,TRAIN,False
136646,1,TRAIN,True
136681,1,TEST,True
136696,4,TRAIN,True
136702,4,VAL,True
136759,4,TRAIN,False
136801,4,TRAIN,False
136809,4,TEST,True
137071,4,TRAIN,False
137259,4,TEST,True
137264,1,TEST,True
137424,1,TRAIN,True
137426,1,TRAIN,True
137450,1,TRAIN,True
137482,1,TRAIN,True
137499,2,TEST,True
137504,1,TRAIN,True
137573,4,TRAIN,False
137696,4,TRAIN,False
137739,1,TRAIN,False
13775,4,TRAIN,True
137805,4,TRAIN,True
13781,4,TRAIN,True
137840,4,TRAIN,True
137842,1,TRAIN,True
137886,1,TRAIN,True
137893,4,TRAIN,False
137916,4,TRAIN,True
137942,4,TRAIN,True
138022,2,TEST,True
138024,1,TRAIN,False
138266,4,TRAIN,True
13870,4,VAL,True
138718,4,TRAIN,False
138739,4,TRAIN,True
138755,4,TRAIN,True
138762,4,TRAIN,True
138794,4,VAL,False
138827,4,TRAIN,True
139065,4,TRAIN,True
139104,1,VAL,False
139117,1,VAL,True
139138,2,TRAIN,True
139347,4,TEST,True
139370,4,VAL,True
139434,4,TRAIN,False
139471,4,TEST,True
139481,4,TRAIN,False
139610,4,VAL,True
139633,4,TRAIN,True
139750,1,TRAIN,False
139859,1,VAL,True
139860,4,TRAIN,True
139918,4,TEST,False
139926,4,TRAIN,True
139935,4,TEST,False
139979,4,VAL,True
139982,1,TRAIN,True
139996,4,TRAIN,True
140025,4,TRAIN,False
140027,1,VAL,True
14004,4,TRAIN,True
140041,1,VAL,True
140071,4,TEST,False
140098,4,TRAIN,False
140141,4,TEST,False
140174,4,VAL,False
140258,1,TEST,True
140392,4,VAL,True
140451,2,TEST,True
140452,1,TRAIN,True
140456,4,TRAIN,False
140469,4,TRAIN,True
140509,4,TRAIN,True
140515,4,TEST,False
140568,1,TRAIN,True
140581,1,TRAIN,True
140586,4,TRAIN,True
140671,1,TRAIN,True
140680,1,TRAIN,False
140691,1,TRAIN,False
140702,4,TRAIN,True
140712,4,TRAIN,False
140722,1,TRAIN,True
140736,4,TRAIN,True
140742,4,TRAIN,True
140757,4,VAL,False
140759,4,TRAIN,True
140761,1,TRAIN,True
140762,1,TRAIN,True
140794,4,TRAIN,False
140871,4,TRAIN,True
141031,1,TEST,True
141047,4,TRAIN,False
141081,1,TRAIN,True
141135,1,TRAIN,True
141179,4,TRAIN,True
141422,4,TRAIN,False
141574,4,TRAIN,True
141597,4,TEST,True
14163,4,TEST,True
141640,4,TEST,True
141692,1,TRAIN,True
141696,1,TRAIN,True
141698,4,TRAIN,False
141710,1,TRAIN,True
141713,1,VAL,False
141714,2,TEST,True
141721,4,TRAIN,True
141738,4,TRAIN,False
141849,1,TRAIN,False
141893,2,TRAIN,True
141906,4,TRAIN,False
141980,4,VAL,True
141981,4,TRAIN,True
141984,4,TEST,False
141994,4,TRAIN,False
141995,1,TRAIN,True
142001,1,TRAIN,False
142004,1,TEST,True
142007,1,TRAIN,True
142027,4,VAL,False
142086,2,TRAIN,True
142087,2,TRAIN,False
142098,1,TRAIN,False
142325,1,VAL,False
142330,1,VAL,False
142356,1,TRAIN,False
142390,4,TEST,True
142394,1,TRAIN,False
142400,1,VAL,False
142523,1,TEST,True
142529,4,TRAIN,True
142604,4,VAL,True
14262,4,VAL,True
142629,1,TRAIN,True
142631,1,TEST,True
142672,1,TEST,False
142673,4,TEST,False
142684,4,TRAIN,True
142703,1,TRAIN,True
14281,4,TRAIN,True
142836,4,VAL,True
142837,1,TRAIN,False
142848,1,TRAIN,True
142853,4,TEST,False
142879,1,TRAIN,True
142892,4,TRAIN,False
142908,4,VAL,False
142957,1,VAL,True
142983,1,TEST,True
142986,4,TRAIN,False
142993,4,TRAIN,True
14303,4,TRAIN,True
143110,4,TRAIN,False
143116,1,TRAIN,True
143119,1,TRAIN,True
143192,1,VAL,True
143247,4,TRAIN,False
143304,4,TRAIN,False
14331,4,TRAIN,True
143419,1,TRAIN,True
143551,4,TRAIN,True
14359,4,TRAIN,True
143673,4,TEST,False
143677,4,VAL,True
143745,4,TRAIN,True
143757,1,VAL,True
143835,1,TRAIN,True
14392,4,TRAIN,True
144024,4,TRAIN,True
144120,1,TRAIN,True
144131,1,TRAIN,True
144147,1,TRAIN,True
144163,2,TRAIN,False
144224,4,TEST,True
144254,1,TRAIN,True
14426,4,VAL,True
144353,4,TRAIN,False
144377,4,TRAIN,True
144392,4,TRAIN,True
144860,4,TRAIN,False
145188,4,VAL,False
145262,4,TRAIN,True
145515,4,TRAIN,False
145624,4,TRAIN,True
145675,4,TRAIN,False
145727,1,TEST,False
145836,4,TRAIN,True
145838,4,TRAIN,False
145939,1,VAL,True
145940,1,VAL,True
145950,4,TRAIN,True
146326,1,TEST,True
146336,4,TEST,True
146547,1,TRAIN,True
146573,4,TRAIN,True
146581,1,VAL,False
146693,4,TRAIN,True
14683,4,TRAIN,True
146871,4,TRAIN,False
146875,1,VAL,True
146935,4,TEST,True
146945,4,TRAIN,True
146967,1,VAL,False
147077,1,VAL,True
147140,4,TRAIN,False
147159,1,VAL,False
147160,1,TRAIN,False
147191,1,TEST,True
147234,4,TRAIN,True
147245,4,TRAIN,True
147294,1,TRAIN,True
147341,1,TRAIN,True
147368,4,TRAIN,True
147372,1,TRAIN,True
147377,4,TEST,True
147401,1,TEST,True
147406,2,TRAIN,False
147407,1,TRAIN,True
147430,4,VAL,False
147494,4,TRAIN,True
147524,4,TRAIN,True
147650,1,TRAIN,True
148032,1,TRAIN,False
148092,1,VAL,False
148093,1,VAL,True
148116,4,TRAIN,True
148194,4,TRAIN,True
148434,4,TRAIN,True
148492,1,TRAIN,True
148699,1,TRAIN,True
148719,4,TEST,True
148945,1,TRAIN,True
148982,1,TRAIN,True
149005,2,TRAIN,True
149006,2,TRAIN,True
149116,1,TRAIN,True
149120,2,VAL,True
149125,4,VAL,True
149196,4,TRAIN,False
149271,4,TRAIN,True
149389,4,TRAIN,True
149511,1,TRAIN,True
149516,1,TEST,True
149525,4,TRAIN,False
149564,4,TRAIN,True
149716,2,TRAIN,True
149806,4,TRAIN,False
149807,2,TRAIN,True
149808,2,TEST,True
149812,1,TRAIN,False
149857,4,TRAIN,True
149873,4,TRAIN,True
149883,4,TRAIN,False
149896,4,TRAIN,False
149930,4,TEST,True
149937,1,TRAIN,True
149940,1,TRAIN,True
149945,1,TRAIN,True
150110,1,TRAIN,True
150162,4,TRAIN,False
150208,4,TRAIN,True
150248,4,TRAIN,True
150372,4,TEST,False
150414,1,VAL,True
150505,1,TRAIN,True
150534,4,TRAIN,True
150557,4,TRAIN,False
150587,4,TRAIN,True
150604,4,TRAIN,False
15065,4,TRAIN,True
150791,4,TEST,True
150818,4,TRAIN,True
150854,1,TRAIN,True
151028,4,TEST,True
151050,1,TEST,True
151111,1,VAL,True
151311,1,TRAIN,False
151312,1,VAL,False
151354,4,TRAIN,True
151365,4,TRAIN,True
151503,4,TRAIN,True
151526,4,TRAIN,False
151637,4,TRAIN,False
151665,4,VAL,True
151669,1,TRAIN,True
15181,4,TEST,True
151873,4,TRAIN,True
152015,4,TRAIN,True
152031,1,VAL,True
152239,4,TEST,True
152369,1,TRAIN,True
152384,4,TRAIN,True
152393,4,TRAIN,False
152459,4,TRAIN,False
152500,4,TRAIN,False
152582,1,TRAIN,True
152591,2,TRAIN,False
152600,1,TEST,True
152616,1,TRAIN,True
152647,4,TRAIN,True
15266,4,VAL,True
152729,4,TRAIN,False
152740,1,TRAIN,False
15288,4,TRAIN,True
152946,4,TRAIN,False
153027,1,TRAIN,True
153045,4,TRAIN,True
153089,1,TEST,True
153118,1,TRAIN,True
153120,1,TEST,False
153175,4,TRAIN,True
153183,4,TRAIN,False
153189,4,VAL,False
153191,1,TRAIN,True
153194,4,TEST,True
153213,4,TRAIN,True
153233,2,TRAIN,True
153254,4,VAL,True
153265,4,TRAIN,False
153283,4,TRAIN,True
153383,4,TRAIN,True
153413,4,TRAIN,False
153669,4,TRAIN,False
153895,4,VAL,True
153916,4,TEST,True
153972,4,VAL,False
153995,4,TRAIN,True
154019,4,TRAIN,False
154197,4,TEST,True
154257,4,TRAIN,False
154358,4,VAL,False
154425,4,TRAIN,False
154560,4,TRAIN,True
154582,4,TRAIN,True
154621,4,TRAIN,False
154634,4,TRAIN,False
154683,4,TRAIN,False
154877,4,TRAIN,False
154931,4,TRAIN,False
154955,4,TRAIN,False
154977,4,TRAIN,False
155026,4,TRAIN,False
155135,4,VAL,False
155236,4,TRAIN,False
155264,4,TEST,True
155498,4,TRAIN,True
155558,4,TRAIN,False
155641,4,TRAIN,True
155890,4,TRAIN,True
155922,4,TRAIN,True
155987,4,TRAIN,False
156005,4,TEST,True
156194,4,TRAIN,True
156295,1,TEST,False
156304,1,TRAIN,True
156459,2,TRAIN,True
156484,2,TRAIN,True
156490,1,TRAIN,True
156596,1,TRAIN,True
156631,1,VAL,False
156647,1,TRAIN,False
156665,1,VAL,True
156676,1,TRAIN,True
156734,1,TRAIN,True
156774,1,TRAIN,False
156802,1,VAL,True
156879,4,TRAIN,False
156933,4,TRAIN,True
157041,1,TRAIN,True
157046,1,TRAIN,False
157114,4,TRAIN,False
157127,4,TRAIN,True
157229,1,VAL,True
157247,4,TRAIN,False
157259,4,VAL,True
157264,1,VAL,True
157278,4,TRAIN,True
157286,4,TRAIN,False
157305,4,TRAIN,False
15731,4,TRAIN,True
157360,1,TRAIN,True
157410,1,TEST,True
157411,1,TRAIN,False
157424,4,VAL,True
157434,2,TRAIN,True
157496,4,TRAIN,False
157525,4,TRAIN,True
157535,4,TRAIN,True
157537,4,VAL,False
157540,1,TEST,False
157589,1,TEST,True
157597,4,TRAIN,True
15761,4,TRAIN,True
157620,4,TRAIN,True
157629,4,TRAIN,True
157658,4,VAL,True
157665,4,TRAIN,False
157673,4,TRAIN,False
157692,4,TRAIN,False
157771,4,TRAIN,True
157784,4,VAL,False
157922,4,TRAIN,False
157967,4,TRAIN,False
157974,4,TRAIN,True
158117,1,TEST,True
15812,4,TRAIN,True
158233,4,TRAIN,False
158359,1,TRAIN,True
158375,4,VAL,False
158376,4,TRAIN,False
158380,4,TRAIN,False
158381,4,VAL,False
158384,4,TRAIN,False
158399,4,TRAIN,False
158430,4,VAL,False
158434,1,TRAIN,False
158436,4,TRAIN,True
158449,1,TRAIN,False
158601,4,TEST,True
158604,4,TRAIN,True
158624,4,TEST,True
158672,4,TEST,False
158714,4,TRAIN,True
158809,4,TEST,False
158845,4,TEST,False
158935,4,TRAIN,True
159068,4,TEST,True
159195,1,TRAIN,True
159437,4,TRAIN,True
159443,4,TRAIN,True
159461,1,TRAIN,False
159466,4,TRAIN,True
159469,4,TRAIN,False
159483,4,TRAIN,False
159504,4,TRAIN,False
159535,4,TEST,False
159553,1,TRAIN,False
159684,4,TRAIN,True
159741,4,TRAIN,True
159742,4,TRAIN,True
159747,4,TRAIN,True
159758,4,TRAIN,False
160013,4,TRAIN,False
160038,4,TRAIN,False
160040,1,TRAIN,True
160044,4,TRAIN,True
160057,1,TEST,True
160067,1,TRAIN,False
160089,1,TRAIN,False
160163,4,VAL,True
160231,1,TRAIN,True
160235,1,TRAIN,False
160240,4,TRAIN,False
160252,1,TRAIN,True
160277,1,TRAIN,False
160460,4,VAL,False
160501,4,TRAIN,True
160525,4,TRAIN,True
160580,4,TRAIN,False
160804,4,VAL,False
160821,2,TRAIN,True
160822,1,TRAIN,True
160890,2,VAL,False
161098,4,TRAIN,True
161128,4,TRAIN,False
161236,1,TRAIN,True
16129,4,TRAIN,True
161300,1,TRAIN,False
161329,2,TEST,True
161465,4,TRAIN,False
161505,4,TRAIN,False
161514,4,VAL,True
161545,4,VAL,False
161560,4,TRAIN,False
161562,4,TRAIN,False
161581,4,TRAIN,True
161628,1,TRAIN,True
161673,1,VAL,True
161682,4,TEST,False
161728,4,TRAIN,True
161910,4,TRAIN,False
162064,4,TRAIN,False
162140,4,TRAIN,True
162234,1,TRAIN,False
162383,4,TRAIN,True
162516,2,TRAIN,False
162517,1,TRAIN,False
162548,4,TRAIN,True
162562,1,TRAIN,False
162598,4,TEST,True
162603,4,TRAIN,False
162612,4,TRAIN,False
162615,4,TRAIN,True
162640,1,TRAIN,False
162641,1,TEST,True
162670,1,TRAIN,True
162719,4,TRAIN,False
162793,1,TRAIN,True
162802,4,TRAIN,True
162824,4,TRAIN,False
162898,4,TRAIN,True
162905,2,TRAIN,True
162929,1,TEST,True
162934,4,VAL,False
162941,1,TRAIN,True
162942,4,TRAIN,False
162953,4,TEST,True
162994,1,TRAIN,True
162996,4,TRAIN,True
162997,4,TRAIN,True
163004,4,VAL,True
163022,4,TRAIN,False
163023,4,VAL,False
163031,4,VAL,False
163032,4,VAL,False
163076,4,TRAIN,False
163098,4,TRAIN,True
163216,4,TRAIN,True
163265,1,TRAIN,True
163303,4,TRAIN,False
163324,1,VAL,True
163396,4,TRAIN,True
163419,4,TRAIN,False
163420,1,TRAIN,True
163456,4,TRAIN,False
163458,4,TRAIN,True
163459,1,TRAIN,True
163468,4,TRAIN,True
163476,4,TRAIN,True
163478,1,TEST,True
163497,1,TRAIN,True
163510,4,TRAIN,False
163668,4,VAL,False
163791,1,TRAIN,True
163796,4,VAL,True
164268,1,VAL,True
164301,4,TRAIN,True
164422,4,VAL,True
164491,1,VAL,True
164507,1,TRAIN,False
16456,4,TRAIN,True
164575,4,TEST,False
164589,1,TRAIN,True
16462,4,TEST,True
164705,4,TRAIN,False
164709,4,TRAIN,True
164734,4,TRAIN,True
164765,1,TEST,True
164797,4,TRAIN,True
164807,4,TRAIN,False
164842,4,TEST,True
164851,4,TRAIN,True
164900,1,TRAIN,False
164968,4,TRAIN,False
164985,1,TRAIN,True
165031,1,TRAIN,True
165043,2,TRAIN,True
165174,1,TRAIN,True
165187,4,VAL,False
165196,4,VAL,False
165232,4,TRAIN,False
165236,4,TRAIN,False
16529,4,TRAIN,True
16532,4,VAL,True
165325,4,TRAIN,False
165355,4,TEST,True
165384,4,TRAIN,True
165408,4,TRAIN,True
165431,4,TRAIN,False
165454,4,VAL,False
165553,4,TRAIN,True
165676,1,TRAIN,True
165685,4,VAL,True
165742,4,TRAIN,True
165755,4,TRAIN,True
165776,4,TRAIN,False
165793,4,TRAIN,True
165797,4,TRAIN,True
16580,4,TRAIN,True
165814,4,TRAIN,True
165932,1,TRAIN,True
165936,2,TRAIN,True
165980,4,TRAIN,False
165991,4,TRAIN,False
166147,4,TRAIN,False
166262,4,TRAIN,False
166360,4,TRAIN,True
166389,4,TRAIN,True
16644,4,TRAIN,True
166478,4,TRAIN,True
166484,4,VAL,False
166490,4,TRAIN,True
166500,4,TRAIN,True
166518,4,TRAIN,True
166529,4,TRAIN,False
16661,4,TRAIN,True
166677,1,VAL,False
166680,4,TRAIN,True
166701,1,TRAIN,True
166740,1,TRAIN,True
166776,4,TRAIN,False
166816,4,TEST,True
166840,2,VAL,False
166850,4,TRAIN,False
166889,4,TEST,False
166961,4,TRAIN,True
167129,1,TRAIN,False
167190,4,TRAIN,True
167212,4,TRAIN,False
167222,1,TRAIN,True
167317,4,TRAIN,False
167323,4,TRAIN,False
167358,4,TRAIN,False
167377,4,VAL,True
167378,4,TRAIN,False
167379,4,TRAIN,True
167429,4,TRAIN,False
167434,4,TRAIN,False
167480,4,TRAIN,False
167570,4,TRAIN,True
167573,4,TRAIN,True
167574,4,VAL,False
167580,1,TRAIN,True
167615,4,TRAIN,False
167657,1,TRAIN,True
167746,2,VAL,True
167757,4,TRAIN,True
167767,4,VAL,False
16785,4,TRAIN,True
167981,4,TRAIN,True
168008,4,TRAIN,False
168082,1,TRAIN,True
168090,4,TRAIN,False
168114,4,TRAIN,True
168123,4,TEST,False
168124,1,TEST,False
168142,1,TEST,False
168195,1,TEST,True
168243,4,TRAIN,False
168247,1,TRAIN,False
168255,4,VAL,True
168295,1,TEST,False
168299,1,TRAIN,True
168305,4,TRAIN,False
168306,1,TRAIN,True
168336,4,TRAIN,True
168338,4,TRAIN,False
168407,4,TRAIN,False
168442,4,TRAIN,False
168479,4,TEST,False
168568,4,TRAIN,False
168668,4,VAL,True
168715,4,TRAIN,False
168753,4,TRAIN,True
168771,4,TEST,True
168776,4,TEST,False
168802,4,TRAIN,True
168885,4,VAL,True
169001,4,TRAIN,False
169086,4,TRAIN,False
169132,4,VAL,False
169183,4,TRAIN,True
169291,4,TRAIN,True
169297,4,TRAIN,True
169320,4,TRAIN,True
169322,4,TRAIN,True
169462,4,TRAIN,False
169483,4,TEST,False
169500,4,TEST,False
169639,4,TRAIN,False
169640,4,VAL,False
169734,4,TRAIN,False
169794,4,TEST,True
169829,4,TRAIN,False
169883,4,TRAIN,False
169893,4,VAL,True
169948,1,VAL,True
170035,4,TRAIN,True
170050,1,TRAIN,False
170107,1,TRAIN,False
170131,4,TRAIN,False
170156,4,TRAIN,False
170179,1,TRAIN,True
170189,1,TRAIN,True
170190,4,TRAIN,True
170193,4,TRAIN,True
170287,4,TRAIN,True
170292,4,TRAIN,False
170339,4,TRAIN,True
170343,1,TRAIN,True
170440,4,TRAIN,True
170448,4,TRAIN,True
170450,4,TEST,False
170465,1,TRAIN,False
170471,1,TRAIN,True
170472,1,TRAIN,True
170475,4,TEST,True
170481,1,TEST,True
170519,1,TRAIN,True
170704,4,TRAIN,True
170717,1,TRAIN,False
170727,1,VAL,True
170793,1,TEST,True
170955,4,TRAIN,True
170960,4,TRAIN,False
171001,1,TEST,False
171030,4,VAL,True
171075,4,TRAIN,True
171083,1,VAL,True
171091,1,TRAIN,False
171162,2,TRAIN,True
171190,4,TRAIN,True
171289,1,TRAIN,False
171469,4,TRAIN,True
171525,1,TEST,True
171527,1,TRAIN,False
171635,1,TRAIN,True
171650,4,TRAIN,True
171714,4,TRAIN,False
171781,1,TRAIN,False
171783,1,TRAIN,False
171801,1,TRAIN,False
171820,4,VAL,False
171889,4,TRAIN,False
171952,4,TEST,False
171986,4,TRAIN,False
171991,4,TRAIN,True
172017,4,TRAIN,True
172069,4,TRAIN,False
172084,1,TEST,True
172103,4,VAL,False
172203,4,TRAIN,True
172246,4,TRAIN,False
172250,4,TRAIN,False
172254,4,TRAIN,False
172260,1,TRAIN,True
172295,4,TRAIN,False
172299,4,TRAIN,True
172305,4,TEST,False
172354,1,TEST,True
172369,1,TRAIN,True
172370,1,TRAIN,True
172378,1,VAL,False
172413,1,TEST,True
172495,4,TEST,True
172776,1,TRAIN,False
172780,1,TRAIN,False
172821,1,TRAIN,True
172854,1,TRAIN,True
172863,4,VAL,True
172905,4,TRAIN,True
172981,4,TRAIN,True
173006,1,TRAIN,True
173266,1,TRAIN,True
173308,4,VAL,True
173327,1,TRAIN,True
173380,4,TRAIN,False
173420,1,TRAIN,True
173447,4,VAL,True
173456,4,TRAIN,False
173475,1,TRAIN,False
173487,1,TRAIN,True
173599,4,TEST,False
173619,4,TRAIN,True
173622,4,TRAIN,True
173722,1,TRAIN,False
173814,1,TEST,True
173825,4,TEST,True
173917,4,TRAIN,False
173921,4,VAL,True
173994,4,TRAIN,False
173997,4,TRAIN,True
174131,1,TEST,True
174133,1,TRAIN,True
174141,1,TEST,True
174151,1,TRAIN,True
17416,4,TEST,True
174209,1,TRAIN,True
174213,1,TRAIN,False
174257,4,TRAIN,True
174279,4,TRAIN,False
17429,4,TRAIN,True
174305,4,TRAIN,True
174323,4,VAL,False
174340,1,TRAIN,True
174364,1,TRAIN,True
174433,4,TEST,True
174454,4,TRAIN,True
174519,4,TEST,True
17460,4,TRAIN,True
174615,1,TRAIN,True
174630,4,TRAIN,True
174676,4,TRAIN,False
174691,4,TRAIN,True
174735,1,TRAIN,True
174743,4,TRAIN,False
174761,4,TRAIN,False
174803,4,TEST,False
174811,4,TRAIN,True
174821,4,VAL,True
174853,4,VAL,True
174855,1,TRAIN,True
17486,4,TRAIN,True
174871,1,TRAIN,True
174953,1,TRAIN,True
174954,4,TRAIN,False
174980,4,TEST,True
174996,1,TRAIN,False
175028,4,VAL,False
175061,1,TRAIN,True
175177,1,TRAIN,False
175258,4,TRAIN,False
175278,1,TRAIN,False
175328,4,TRAIN,True
175342,4,TRAIN,True
175385,4,TEST,True
175411,1,TRAIN,True
175431,4,TRAIN,True
175447,4,TRAIN,False
175449,4,TRAIN,True
175527,4,VAL,False
175645,4,TRAIN,False
175650,4,TRAIN,True
175678,4,TRAIN,False
175716,4,TRAIN,False
175720,4,TRAIN,False
175765,4,TRAIN,True
175776,4,TEST,True
175786,4,TRAIN,False
175792,4,TRAIN,True
175806,1,TRAIN,False
175818,2,TRAIN,True
175837,1,TRAIN,True
175855,4,TRAIN,False
175863,4,VAL,False
175904,4,TEST,True
175925,1,TRAIN,True
175947,4,VAL,True
175991,4,TRAIN,True
176056,4,TRAIN,False
17608,4,TRAIN,True
176158,4,TRAIN,False
176185,4,VAL,True
176203,4,TRAIN,True
176206,4,TRAIN,False
176215,4,TRAIN,False
176239,1,VAL,True
176285,2,TEST,False
176347,2,VAL,True
176364,4,TRAIN,False
176440,1,TRAIN,False
176443,4,TRAIN,False
176471,4,TRAIN,True
176486,4,TRAIN,True
176596,4,TEST,False
176624,4,TRAIN,True
176630,4,VAL,True
176650,4,TEST,True
176669,4,VAL,False
176685,4,TRAIN,False
176687,4,VAL,False
176765,4,TEST,True
176854,4,TRAIN,True
176891,4,VAL,True
176920,1,TEST,False
176981,4,TRAIN,False
176991,4,TRAIN,True
177045,4,TRAIN,False
177087,4,TRAIN,False
177092,4,TRAIN,False
177111,4,TRAIN,False
177114,4,TRAIN,True
177143,2,TRAIN,False
177158,4,TEST,True
177209,4,TRAIN,True
177239,4,TRAIN,False
177322,4,TEST,False
177382,4,TRAIN,False
177395,1,TRAIN,True
177465,1,TEST,False
177551,4,TRAIN,True
177719,4,TRAIN,False
177749,4,TRAIN,False
177768,4,VAL,True
177823,4,TRAIN,True
177836,1,TRAIN,True
177864,4,TRAIN,False
177879,4,TRAIN,True
177923,4,TRAIN,True
177924,1,TRAIN,True
177947,4,TRAIN,False
177949,4,TRAIN,True
177956,1,TRAIN,True
177986,4,TRAIN,True
177987,1,VAL,True
178003,4,TRAIN,False
178012,4,TEST,True
178182,1,TRAIN,False
178205,4,TRAIN,True
178212,4,VAL,True
178224,4,TRAIN,True
178252,4,TRAIN,False
178267,4,TRAIN,True
178317,4,TEST,True
178356,4,TRAIN,False
178363,4,TEST,True
178385,4,VAL,False
178413,2,VAL,True
178468,4,VAL,False
178541,4,TRAIN,True
178606,4,TRAIN,False
178635,4,TRAIN,True
178679,4,TEST,False
178727,1,TRAIN,True
17897,4,VAL,True
178991,4,TRAIN,True
179062,4,TEST,True
179092,4,VAL,False
179097,4,TEST,False
179112,4,TRAIN,True
179159,4,TRAIN,False
179242,4,TRAIN,False
179288,4,VAL,True
179315,4,TRAIN,False
179361,4,TRAIN,False
179388,4,TEST,False
179469,4,TRAIN,True
179510,2,TRAIN,False
179514,4,TRAIN,True
179517,1,TRAIN,False
179526,1,TRAIN,True
179527,1,TRAIN,True
179534,4,TEST,False
179541,1,TRAIN,True
179554,4,TRAIN,False
179594,4,TRAIN,True
179665,4,TRAIN,True
179675,1,TRAIN,False
179684,4,TRAIN,False
179691,1,TRAIN,True
179698,1,TEST,False
179719,4,TRAIN,True
179752,1,TRAIN,True
179757,4,TRAIN,False
179770,4,TRAIN,True
179784,1,VAL,True
179789,4,TRAIN,True
179794,4,TRAIN,True
179797,4,TRAIN,True
179803,4,TRAIN,True
179853,4,TRAIN,False
179894,1,TRAIN,True
179898,1,VAL,False
179902,1,TRAIN,False
179918,4,TRAIN,False
179949,4,VAL,True
179968,4,TRAIN,True
179976,4,TRAIN,False
180045,4,TRAIN,True
180076,4,TRAIN,False
180094,4,TRAIN,True
180114,4,TRAIN,True
180129,4,TRAIN,False
180142,4,TRAIN,False
180158,4,TRAIN,False
180176,4,TRAIN,False
18019,4,TRAIN,False
180193,4,TRAIN,False
180251,4,TEST,False
18026,4,TRAIN,True
180278,4,VAL,False
180519,4,TRAIN,False
180539,4,TEST,False
180550,4,TRAIN,True
180558,4,TRAIN,True
180604,4,TRAIN,True
180681,4,TRAIN,False
180691,4,TRAIN,False
180840,4,TRAIN,True
180966,2,TRAIN,True
180998,4,TRAIN,True
181001,4,TRAIN,True
181086,4,TRAIN,True
181132,4,TRAIN,True
181149,4,TEST,False
181208,1,VAL,True
181270,4,TRAIN,True
181273,4,TRAIN,True
181280,4,TRAIN,False
181290,1,TRAIN,True
181391,4,TRAIN,True
181552,4,TRAIN,False
181619,1,TRAIN,True
181632,4,VAL,False
181644,4,TRAIN,True
181671,1,TEST,True
181684,1,TEST,True
181691,4,TRAIN,False
181697,4,VAL,True
181704,1,TRAIN,True
181709,4,VAL,False
181725,1,TRAIN,False
181750,4,TEST,True
181753,4,TRAIN,False
181755,1,TRAIN,False
181759,1,TEST,False
181822,1,TRAIN,True
181825,1,TRAIN,True
181828,4,VAL,False
18188,4,TRAIN,True
18191,4,TRAIN,True
181949,4,TRAIN,True
181957,1,TRAIN,True
181971,1,TRAIN,False
181975,4,TRAIN,True
182013,4,TRAIN,False
182020,4,TRAIN,False
182055,1,TRAIN,False
182087,4,TEST,False
182149,1,TRAIN,False
182179,4,TRAIN,True
182199,1,VAL,True
182340,1,TRAIN,True
182341,1,TRAIN,True
182355,4,TRAIN,True
182392,2,VAL,False
182423,4,TEST,True
182427,1,TRAIN,True
182479,4,TRAIN,False
182515,1,VAL,True
182516,1,TRAIN,True
182518,4,TRAIN,True
182650,4,TRAIN,True
182657,4,TRAIN,False
182722,4,TRAIN,True
182723,4,TRAIN,True
182724,1,TEST,True
182727,1,TRAIN,True
182732,4,VAL,True
182740,4,TRAIN,True
182745,1,VAL,True
182784,4,TEST,False
182848,1,TRAIN,True
182866,1,TRAIN,False
182910,1,TRAIN,False
182921,4,TRAIN,True
182922,4,VAL,True
182925,1,TEST,True
182927,1,TRAIN,True
182932,4,TRAIN,True
182949,4,TRAIN,False
182962,4,TRAIN,False
182984,1,VAL,True
182988,1,VAL,False
182990,1,VAL,True
183051,4,VAL,True
18312,4,TRAIN,False
18314,4,TRAIN,True
183179,4,TEST,False
183230,4,TRAIN,False
183263,4,TRAIN,True
183398,2,TRAIN,False
183537,4,VAL,False
183548,4,TRAIN,False
183623,4,TRAIN,True
183693,4,TRAIN,False
183703,4,TRAIN,True
183751,4,TRAIN,True
183771,4,TRAIN,True
183784,4,TRAIN,False
183805,4,TRAIN,False
183891,1,TRAIN,True
183915,4,TEST,True
183918,4,TRAIN,True
183942,4,TRAIN,False
184099,4,TRAIN,False
184158,4,TRAIN,True
184190,1,TRAIN,True
184194,4,TRAIN,True
184209,1,TRAIN,False
184225,4,TEST,True
184354,4,TRAIN,True
184372,4,TRAIN,True
18442,4,TRAIN,True
184432,1,TRAIN,True
184436,1,TRAIN,False
184445,4,TRAIN,False
184456,4,TRAIN,True
184459,1,TRAIN,True
184461,4,TRAIN,True
184467,1,TEST,False
184504,4,TRAIN,True
184507,1,VAL,True
184801,4,TEST,False
18481,4,TRAIN,True
18485,4,TRAIN,True
184897,4,TEST,True
18491,4,VAL,True
185003,4,TEST,False
185015,4,TEST,True
18502,4,TEST,True
185028,4,TEST,False
185051,4,TRAIN,True
185081,1,VAL,False
185202,4,TRAIN,False
185210,4,TRAIN,True
185254,4,TEST,True
185407,4,TRAIN,True
185444,4,TRAIN,True
185471,4,TRAIN,False
185544,4,TRAIN,True
185552,1,TRAIN,False
185617,4,VAL,True
18567,4,TRAIN,True
185881,4,TRAIN,False
185886,4,TRAIN,False
185897,4,TRAIN,False
185927,4,TRAIN,False
185957,4,VAL,True
185966,4,TRAIN,True
185971,4,TEST,False
185988,4,TRAIN,False
186056,4,TRAIN,False
186102,4,VAL,True
186108,1,TRAIN,True
186183,4,TRAIN,False
186194,4,VAL,True
186250,4,TRAIN,True
186326,4,VAL,True
186334,4,TRAIN,False
186378,4,TRAIN,True
186498,4,TEST,True
186581,4,TRAIN,False
186600,4,VAL,True
186708,4,TRAIN,False
186721,2,TRAIN,False
186735,4,TRAIN,False
186745,4,TRAIN,True
186755,1,TRAIN,True
186775,4,TRAIN,False
186784,4,TRAIN,True
187028,4,TEST,False
187092,4,TEST,False
187125,4,TRAIN,False
187137,4,TRAIN,False
187139,4,TRAIN,False
187291,1,TRAIN,False
187310,4,VAL,False
187573,4,TRAIN,True
187614,4,TRAIN,False
187643,4,TRAIN,False
187653,4,TRAIN,True
187759,2,TRAIN,True
187762,4,TRAIN,True
187763,4,TRAIN,True
187800,1,TRAIN,True
187823,2,TRAIN,True
187844,1,VAL,False
187868,4,TRAIN,False
187878,4,VAL,True
187958,4,TRAIN,False
188023,4,TRAIN,False
188049,4,TRAIN,True
188064,4,TRAIN,True
188069,1,TEST,True
188077,4,TRAIN,True
188099,4,TRAIN,False
188134,1,VAL,False
188170,1,TRAIN,True
188357,4,TRAIN,False
188370,4,TRAIN,False
188480,4,TEST,False
188483,4,TRAIN,False
188497,4,TRAIN,False
188621,4,TEST,False
188666,1,TRAIN,True
188695,4,TEST,True
188714,4,TEST,False
188750,4,VAL,True
188795,4,TRAIN,True
188863,4,TRAIN,False
189051,4,VAL,False
189127,4,VAL,False
189144,4,TRAIN,True
189164,4,TEST,True
189227,4,TEST,True
189431,4,TEST,False
189466,4,VAL,True
189468,4,TRAIN,False
189508,4,TRAIN,False
189525,4,TRAIN,True
189644,4,TRAIN,True
189751,4,TEST,False
189796,4,TRAIN,True
189826,4,TRAIN,True
189834,4,TRAIN,False
189931,4,TRAIN,False
189935,1,TRAIN,True
189948,1,TRAIN,False
189951,4,TRAIN,False
190005,1,TRAIN,True
190009,4,TRAIN,True
190018,4,TRAIN,True
190053,4,VAL,False
190231,4,TRAIN,False
190257,4,TRAIN,False
190336,1,TRAIN,True
190360,1,TRAIN,True
190466,4,TRAIN,True
190583,4,VAL,False
190603,1,TRAIN,True
190730,4,TEST,True
191075,4,TRAIN,True
191088,4,TRAIN,True
191167,4,VAL,True
191497,4,VAL,False
191604,4,VAL,False
191611,4,TRAIN,False
191990,4,VAL,False
192013,4,TRAIN,False
192052,4,TRAIN,True
192111,1,TRAIN,True
192136,4,TRAIN,False
192597,4,VAL,False
192862,4,TEST,False
192923,4,VAL,True
193356,4,VAL,True
193852,4,TRAIN,True
194154,4,TRAIN,True
194338,4,TRAIN,True
194392,4,TRAIN,True
194481,4,VAL,True
194588,4,TRAIN,False
194652,4,VAL,False
194755,4,TRAIN,True
194803,1,TRAIN,True
194819,4,TRAIN,True
194899,4,TEST,False
194922,1,TRAIN,False
194929,4,TRAIN,True
194936,4,TRAIN,False
194938,4,TRAIN,False
194945,1,TRAIN,False
194971,1,TRAIN,True
195088,4,TRAIN,True
195159,1,TRAIN,True
195194,4,TRAIN,False
195239,4,TRAIN,False
195272,4,VAL,True
195285,4,TRAIN,False
195286,4,VAL,False
195303,4,TRAIN,False
195311,4,TRAIN,False
195371,4,TEST,True
195445,4,TRAIN,False
195459,4,TRAIN,False
195535,4,TRAIN,True
195536,4,TRAIN,True
195543,4,TRAIN,True
195641,4,VAL,True
195656,4,VAL,True
195681,4,TRAIN,True
195685,4,TRAIN,False
195806,4,TRAIN,True
195843,4,TEST,True
195896,4,TEST,False
195934,4,TRAIN,False
195976,4,TEST,False
196049,4,TRAIN,False
196141,4,TRAIN,True
196180,4,TRAIN,False
196266,4,TEST,True
196270,4,TRAIN,True
196315,4,TEST,False
196391,4,VAL,True
196543,4,VAL,False
196680,4,TRAIN,True
196687,4,TRAIN,False
196742,4,VAL,False
196748,4,VAL,False
196776,1,TRAIN,False
196875,4,TRAIN,False
197079,4,TRAIN,False
197088,4,TEST,True
197126,4,TRAIN,True
197207,4,VAL,False
197242,4,VAL,False
197358,4,TEST,True
197386,4,TRAIN,True
197414,4,VAL,True
197433,1,TRAIN,False
197570,4,VAL,False
197574,1,TEST,True
197623,4,TRAIN,False
197660,4,TRAIN,False
197715,4,TRAIN,True
197824,4,TRAIN,False
197850,4,TRAIN,False
197899,4,TEST,True
198298,4,TRAIN,False
198360,4,TRAIN,True
198488,4,TRAIN,False
198532,4,TEST,True
198559,4,VAL,False
198618,4,TRAIN,True
198626,4,TRAIN,True
198746,1,TRAIN,True
198773,4,TRAIN,False
198788,4,TRAIN,False
198796,4,TRAIN,False
198864,4,TEST,True
198956,4,VAL,False
199073,4,TRAIN,False
199098,4,TRAIN,True
199132,4,TRAIN,False
199156,4,VAL,True
199271,4,TRAIN,False
199308,4,VAL,False
199322,4,TEST,True
199337,4,TRAIN,False
199345,1,TRAIN,False
199415,4,TRAIN,False
199479,4,TRAIN,True
199495,4,VAL,False
199581,4,TRAIN,False
199802,4,TRAIN,True
199873,4,TEST,True
199951,4,TRAIN,False
200075,4,TEST,False
200092,4,TRAIN,True
200133,4,TRAIN,True
200164,4,TRAIN,True
200475,4,TRAIN,True
200487,4,TRAIN,True
200510,4,TRAIN,False
200627,4,VAL,True
200637,4,TRAIN,True
200684,4,TRAIN,False
201028,4,VAL,False
201240,4,TRAIN,True
201243,4,VAL,False
201395,4,TRAIN,False
201419,4,TRAIN,True
201423,4,TRAIN,False
201432,4,TRAIN,True
201456,4,TRAIN,True
201473,4,TRAIN,False
201502,4,TEST,True
201526,4,VAL,True
201529,4,TRAIN,True
201594,4,VAL,False
201607,4,TRAIN,True
201630,1,TRAIN,True
201806,4,TRAIN,True
201815,4,TRAIN,True
201824,4,TEST,True
201871,4,TRAIN,True
202113,4,TRAIN,True
202243,4,TRAIN,True
202244,4,TRAIN,False
202262,4,TRAIN,False
202288,4,TRAIN,True
202305,4,TRAIN,True
202319,4,TRAIN,False
202671,1,VAL,True
202681,4,TRAIN,False
202837,4,TRAIN,True
203000,4,TRAIN,False
203103,4,TEST,False
203204,4,VAL,True
203244,4,VAL,False
203248,4,TRAIN,False
203319,4,TRAIN,True
203373,4,TEST,True
203465,4,TRAIN,True
203604,4,TEST,True
203652,4,TEST,False
203684,2,TEST,True
203694,1,VAL,False
203717,1,TEST,True
203744,4,TRAIN,False
203816,4,TEST,True
203901,4,TRAIN,True
203951,4,TEST,False
203955,4,TEST,False
204011,2,TRAIN,True
204012,1,TRAIN,True
204029,4,TRAIN,False
204037,1,TRAIN,False
204129,4,TEST,False
204159,4,TRAIN,False
204177,4,TEST,False
204248,4,TRAIN,True
204407,4,TEST,False
204435,4,TRAIN,True
204559,4,VAL,True
204606,1,VAL,True
204629,4,TRAIN,True
204690,4,TRAIN,True
204745,4,TEST,True
204795,4,TEST,False
204871,4,TRAIN,False
205133,4,TRAIN,False
205145,4,VAL,True
205154,4,TEST,True
205186,1,TRAIN,True
205257,4,VAL,False
205333,4,TRAIN,False
205561,4,TRAIN,False
205570,4,TEST,True
205585,4,TRAIN,False
205640,4,VAL,True
205643,4,TRAIN,False
205691,4,TRAIN,False
205924,4,TRAIN,True
205942,4,TRAIN,False
206168,4,TRAIN,False
206174,4,TRAIN,False
206176,4,TRAIN,True
206208,1,TEST,False
206220,4,TRAIN,False
206230,4,TRAIN,True
206243,4,TRAIN,True
206253,4,VAL,False
206260,4,TRAIN,True
206367,4,TRAIN,True
206411,1,TRAIN,False
206505,4,TRAIN,False
206560,4,TRAIN,False
206649,4,TRAIN,False
206652,4,TEST,False
206696,4,TRAIN,False
206698,4,TRAIN,True
206724,1,TRAIN,False
206806,4,TEST,True
206833,1,TRAIN,True
206974,4,TRAIN,True
206992,4,TRAIN,True
207179,4,VAL,False
207271,4,TRAIN,True
207396,1,TRAIN,True
207480,1,VAL,False
207570,4,TEST,True
207819,4,TRAIN,True
207826,4,TRAIN,False
207862,4,TRAIN,False
207891,4,TRAIN,False
207894,1,TRAIN,False
207909,4,TRAIN,True
208100,4,VAL,True
208194,4,TRAIN,False
208196,4,TRAIN,True
208330,4,TRAIN,False
208526,4,TRAIN,False
208560,4,TRAIN,False
208924,4,TRAIN,False
208979,4,TRAIN,True
208996,1,TRAIN,True
209111,4,TRAIN,False
209141,1,TRAIN,True
209219,1,TRAIN,True
209244,4,TRAIN,False
209260,4,TRAIN,True
209267,1,TRAIN,True
209270,1,TRAIN,True
209289,4,TRAIN,True
209350,4,VAL,True
209397,4,TRAIN,True
209533,4,TRAIN,False
209602,4,TRAIN,False
209671,4,TEST,False
209692,4,TRAIN,False
209702,4,VAL,True
209779,4,TRAIN,True
209863,1,TRAIN,False
209874,4,TRAIN,True
210058,4,VAL,True
210059,4,TRAIN,True
210085,1,VAL,True
210115,4,TRAIN,False
210134,4,TRAIN,False
210139,4,TRAIN,False
210195,4,VAL,True
210208,1,TRAIN,False
210247,4,VAL,True
210355,1,TRAIN,False
210382,4,TRAIN,True
210450,4,TRAIN,False
210472,4,TRAIN,False
210516,4,TRAIN,False
210637,4,TRAIN,True
210646,4,TRAIN,False
210726,4,TEST,True
211031,4,TRAIN,False
211045,1,TRAIN,True
211227,4,TRAIN,True
211239,1,TRAIN,True
211244,4,TRAIN,True
211273,4,TEST,False
211313,4,TRAIN,False
211315,1,TRAIN,True
211366,4,TEST,True
211482,1,TRAIN,True
211531,4,VAL,True
211536,1,TRAIN,True
211542,4,TRAIN,False
211547,1,TRAIN,False
211575,4,TRAIN,False
211579,4,TEST,False
211597,4,TRAIN,True
211767,4,TRAIN,False
211867,1,TRAIN,False
211874,4,TRAIN,False
211886,1,TRAIN,True
211902,1,TRAIN,True
211973,1,VAL,True
211998,4,VAL,False
212028,4,TEST,True
212042,1,TRAIN,True
212049,1,TRAIN,True
212081,1,TRAIN,False
212097,1,VAL,True
212116,4,TRAIN,True
212129,1,TRAIN,False
212147,4,TEST,True
212236,4,VAL,False
212243,4,TEST,True
212272,1,TRAIN,False
212275,1,TRAIN,True
212286,4,TRAIN,False
212293,4,TRAIN,True
212295,4,TRAIN,False
212312,2,VAL,False
212314,4,TRAIN,True
212326,4,TRAIN,True
212409,2,TRAIN,True
212424,4,TRAIN,False
212498,2,TEST,False
212503,4,TRAIN,False
212513,4,VAL,True
212766,1,TEST,True
212770,4,TRAIN,False
212783,4,TRAIN,True
212800,4,TRAIN,True
212802,4,TRAIN,True
212816,4,TRAIN,True
212832,4,TRAIN,True
212839,1,TEST,True
212858,4,TEST,False
212886,4,TRAIN,False
212891,4,TRAIN,True
212902,4,TRAIN,True
212948,4,TRAIN,False
212954,1,TRAIN,True
213005,1,TRAIN,True
213006,1,TEST,True
213013,4,TRAIN,True
213023,4,TRAIN,False
213147,4,TRAIN,False
213148,4,TRAIN,False
213149,4,TRAIN,False
213150,4,TEST,True
213151,4,TRAIN,False
213152,4,TRAIN,False
213153,1,TRAIN,False
213155,4,TRAIN,False
213162,4,TRAIN,True
213183,1,TEST,False
213190,4,VAL,True
213388,4,TRAIN,False
213423,4,TRAIN,False
213458,4,TRAIN,False
213667,4,TRAIN,False
213675,1,TEST,True
213719,4,VAL,True
213767,4,TRAIN,True
213778,4,TRAIN,True
213843,4,TRAIN,False
213845,4,TRAIN,False
213954,4,TRAIN,True
214058,4,TRAIN,True
214065,4,TRAIN,True
214234,4,TRAIN,True
214241,1,TRAIN,True
214256,4,TRAIN,False
214284,4,TRAIN,True
214290,4,TEST,True
214479,4,TRAIN,False
214485,4,TRAIN,True
214683,4,TRAIN,True
214684,4,TRAIN,True
214777,4,VAL,True
214815,4,TRAIN,True
214869,1,TRAIN,False
214876,4,VAL,True
214900,1,TRAIN,True
214928,4,TRAIN,True
214967,4,TRAIN,True
215030,4,TEST,True
215045,1,TRAIN,True
215155,1,TRAIN,False
215173,4,TRAIN,True
215275,1,TRAIN,True
215325,4,TRAIN,True
215326,4,TRAIN,False
215384,4,TRAIN,False
215448,4,TRAIN,False
215466,4,TRAIN,False
215808,4,TRAIN,True
215956,4,TEST,False
215972,4,TRAIN,False
215976,1,TEST,True
216012,4,TRAIN,False
216033,4,VAL,True
216041,4,TRAIN,True
216169,4,TEST,False
216170,4,TRAIN,True
216171,4,TEST,False
216179,1,TRAIN,True
216216,4,TRAIN,True
216223,4,TRAIN,False
216234,4,VAL,True
216317,1,TRAIN,True
216349,4,TRAIN,False
216360,1,VAL,True
216398,4,TRAIN,True
216481,4,TRAIN,True
216486,1,TEST,False
216491,1,TEST,False
216584,4,TRAIN,False
216586,4,TRAIN,True
216592,1,TEST,True
216616,4,TRAIN,True
216637,4,TEST,True
216646,4,TEST,True
216668,1,TRAIN,True
216723,4,VAL,True
216726,4,TRAIN,False
216837,1,VAL,False
216866,4,TRAIN,False
216875,1,TRAIN,True
216935,4,TRAIN,False
216970,1,TRAIN,True
216997,4,TRAIN,True
217020,1,TRAIN,False
217038,4,TRAIN,True
217270,4,TEST,True
217411,1,TEST,False
217432,4,TEST,False
217448,4,TRAIN,False
217609,4,TRAIN,True
217633,1,TRAIN,True
217775,4,TRAIN,True
217776,4,TRAIN,True
217787,4,TRAIN,True
217790,4,TRAIN,False
217792,4,TRAIN,True
217822,1,TRAIN,False
217825,1,VAL,False
217828,1,TRAIN,True
217838,1,TRAIN,True
217848,1,TRAIN,False
217865,1,TRAIN,False
217895,4,TRAIN,True
217998,4,VAL,False
218019,4,TRAIN,False
218084,4,TRAIN,True
218088,1,TRAIN,False
218090,4,VAL,False
218096,4,TRAIN,True
218276,4,TRAIN,False
218329,4,TRAIN,False
218338,1,TRAIN,True
218340,1,TRAIN,True
218357,1,VAL,False
218365,4,TEST,False
218494,1,VAL,True
218540,4,TRAIN,False
218562,4,TRAIN,False
218577,1,TRAIN,True
218600,4,TRAIN,False
218617,4,TRAIN,True
218643,4,TRAIN,True
218644,1,TRAIN,False
218764,4,VAL,False
218765,4,VAL,False
218798,4,TRAIN,False
218968,4,VAL,True
219095,4,TRAIN,True
219102,4,VAL,False
219105,4,TRAIN,False
219116,4,TEST,False
219121,4,TRAIN,True
219153,1,VAL,True
219244,4,TRAIN,False
219311,1,VAL,False
219349,4,TRAIN,False
219409,1,TRAIN,True
219411,1,VAL,True
219430,4,TRAIN,True
219450,4,TRAIN,False
219452,4,VAL,False
219545,4,TRAIN,False
219562,4,TRAIN,True
219593,1,TRAIN,True
219605,1,VAL,True
219621,4,TRAIN,True
219687,4,TRAIN,False
219691,4,VAL,True
219715,1,TRAIN,True
219726,4,TRAIN,True
219756,1,TRAIN,True
219903,4,TRAIN,False
219964,4,TEST,True
219992,4,TRAIN,True
220079,4,TEST,True
220096,4,TEST,True
220235,4,VAL,True
220237,4,TEST,True
220370,4,TRAIN,True
220373,4,TRAIN,True
220390,4,TRAIN,False
220392,4,TRAIN,True
220398,4,TRAIN,False
220405,4,TRAIN,True
220436,4,TEST,True
220452,4,TRAIN,True
220479,4,TRAIN,True
220494,4,TEST,True
220510,4,TRAIN,False
220558,2,TRAIN,False
220568,4,TRAIN,True
220574,1,TEST,False
220576,4,TRAIN,True
220580,1,TEST,False
220585,4,TEST,True
220592,1,TEST,False
220595,4,TRAIN,True
220611,4,TEST,False
220705,4,TRAIN,False
220706,4,TEST,True
220741,4,TRAIN,True
220827,4,TRAIN,True
220921,4,TRAIN,True
220935,4,TRAIN,False
220946,4,TRAIN,False
221070,4,TEST,False
221130,4,TRAIN,True
221164,4,VAL,False
221243,4,TRAIN,False
221255,4,TRAIN,True
221362,1,TRAIN,True
221407,4,TRAIN,True
221473,4,TRAIN,True
221493,1,TRAIN,True
221499,4,TEST,True
221510,1,TRAIN,True
221540,4,TRAIN,True
221547,4,TRAIN,True
221549,4,VAL,False
221560,4,TRAIN,False
221570,4,TRAIN,True
221571,4,TRAIN,False
221680,4,TRAIN,False
221757,4,VAL,True
221806,4,TRAIN,True
221809,1,TRAIN,True
221884,4,TRAIN,False
221902,4,VAL,False
222091,4,TRAIN,False
222144,4,TRAIN,True
222145,4,TRAIN,False
222149,4,TRAIN,False
222150,4,VAL,True
222198,4,TRAIN,False
222227,4,TEST,False
222228,4,VAL,True
222261,1,VAL,True
222289,4,TEST,True
222290,4,TEST,True
222420,4,TRAIN,True
222539,4,VAL,True
222671,4,TRAIN,False
222777,4,TRAIN,False
222804,4,TRAIN,True
222824,4,TRAIN,True
222858,4,TRAIN,False
222859,4,TRAIN,True
222874,4,TRAIN,False
222893,4,TEST,True
222906,4,TRAIN,True
222934,1,VAL,False
222970,1,TRAIN,False
223026,4,TEST,False
223047,4,TEST,True
223082,4,TEST,True
223204,4,TRAIN,False
223275,1,TRAIN,True
223409,4,VAL,False
223450,4,TRAIN,False
223492,4,TRAIN,False
223557,1,TRAIN,True
223563,4,TRAIN,True
223564,4,VAL,True
223566,4,TRAIN,False
223592,4,TRAIN,False
223610,1,VAL,False
223612,1,VAL,True
223720,4,TRAIN,True
223922,4,TRAIN,True
224091,4,TRAIN,False
224178,4,TRAIN,True
224251,4,TRAIN,True
224270,4,TRAIN,False
224282,4,VAL,True
224286,1,TRAIN,True
224321,4,TRAIN,False
224394,4,TEST,True
224458,4,TRAIN,True
224484,4,TRAIN,False
224562,4,VAL,True
224574,1,VAL,True
224747,4,VAL,True
224756,4,VAL,True
224794,4,TRAIN,False
224852,1,TRAIN,False
224936,4,TRAIN,True
224988,4,TEST,False
225031,4,TRAIN,False
225045,4,TEST,True
225079,4,TRAIN,False
225423,4,TRAIN,True
225438,4,TEST,True
225590,4,TRAIN,True
225697,4,VAL,True
225779,4,TEST,False
225798,4,TRAIN,False
225930,2,TRAIN,True
225947,4,TRAIN,True
225976,4,TRAIN,False
225978,4,TEST,False
225995,4,TEST,False
226004,4,TRAIN,False
226038,4,VAL,True
226051,4,TRAIN,True
226086,4,TRAIN,False
226104,4,TEST,True
226107,4,TRAIN,False
226188,4,TRAIN,True
226202,4,TRAIN,False
226209,4,TRAIN,True
226242,4,TRAIN,True
226378,4,TRAIN,True
226405,4,VAL,False
226411,4,TRAIN,True
226414,1,TRAIN,True
226463,1,TRAIN,True
226488,4,VAL,False
226603,1,TRAIN,True
226605,4,TRAIN,True
226606,4,TRAIN,False
226607,4,TRAIN,False
226608,1,TRAIN,True
226609,4,TRAIN,True
226625,4,VAL,False
226630,4,VAL,False
226651,4,TEST,True
226669,1,TEST,True
226692,4,VAL,False
226702,4,TEST,True
226704,4,TRAIN,True
226763,4,TRAIN,True
226889,4,TRAIN,True
226891,1,TRAIN,False
226942,4,TRAIN,False
226986,4,TRAIN,False
226988,4,TRAIN,True
227236,4,TRAIN,False
227286,4,TEST,False
227313,1,TRAIN,True
227379,4,TEST,True
227426,4,TEST,True
227600,4,VAL,True
227670,4,VAL,False
227702,4,TRAIN,False
227756,4,TEST,True
227808,4,TRAIN,False
228011,4,TEST,False
228100,4,TRAIN,False
228201,4,TRAIN,False
228315,1,TRAIN,True
228473,4,TRAIN,False
228487,4,TEST,True
228551,1,TRAIN,True
228568,4,TRAIN,False
228576,1,TRAIN,True
228580,1,TEST,True
228581,4,TRAIN,False
228729,4,TRAIN,False
228907,4,VAL,True
228913,4,TEST,False
228931,4,TRAIN,False
229005,4,TRAIN,False
229020,4,TRAIN,True
229050,4,TRAIN,False
229058,4,TEST,False
229061,1,TRAIN,False
229141,1,TRAIN,True
229185,4,TEST,False
229247,4,TRAIN,True
229303,4,VAL,False
229382,4,TRAIN,True
229403,4,TRAIN,False
229409,4,TRAIN,True
229410,4,TRAIN,True
229419,4,TRAIN,True
229421,4,VAL,False
229446,4,TEST,False
229448,4,TRAIN,True
229450,4,TRAIN,True
229476,4,TRAIN,False
229500,4,TEST,True
229504,4,TRAIN,False
229521,4,VAL,True
229596,4,TRAIN,True
229659,4,TRAIN,True
229722,1,TRAIN,True
229749,4,TRAIN,True
229776,4,TRAIN,False
229824,4,TRAIN,False
230111,4,TEST,True
230152,4,TRAIN,True
230282,1,TRAIN,False
230283,1,TRAIN,True
230292,4,VAL,True
230295,1,TRAIN,True
230297,4,TRAIN,False
230298,4,TEST,True
230391,1,TRAIN,True
230432,4,TRAIN,True
230523,4,TRAIN,True
230577,4,TEST,False
230584,4,TRAIN,True
230608,4,TRAIN,True
230612,4,TRAIN,True
230613,4,TEST,True
230615,4,VAL,False
230651,4,TEST,False
230656,1,TRAIN,False
230677,4,TRAIN,True
230678,4,TEST,True
230885,1,TRAIN,False
230921,4,VAL,False
230931,4,TRAIN,False
231032,4,TRAIN,True
231048,1,TRAIN,True
231051,4,TRAIN,False
231052,4,TRAIN,False
231091,4,TRAIN,False
231122,4,TRAIN,True
231241,4,TRAIN,True
231368,4,TRAIN,True
231624,4,TRAIN,False
231731,4,TEST,True
231771,4,TRAIN,True
231786,4,TEST,True
231787,4,VAL,True
231797,4,TRAIN,False
231892,4,TRAIN,True
231923,4,VAL,False
231967,4,TRAIN,True
231983,1,TRAIN,True
232003,4,TRAIN,True
232025,4,TRAIN,False
232109,1,TRAIN,False
232204,2,TRAIN,True
232209,4,TRAIN,False
232230,4,TEST,False
232275,4,TRAIN,True
232297,4,VAL,True
232309,4,TRAIN,False
232335,4,TEST,True
232339,4,TRAIN,True
232346,4,TRAIN,False
232375,4,VAL,False
232397,4,TEST,True
232604,4,TEST,False
232633,4,VAL,False
232648,4,TRAIN,True
232655,4,TRAIN,True
232665,4,VAL,True
232667,4,TRAIN,False
232673,1,TRAIN,False
232928,4,TRAIN,True
232943,4,TEST,True
233009,4,TRAIN,False
233019,4,TRAIN,True
233039,1,VAL,True
233101,1,TRAIN,False
233103,1,TEST,True
233241,4,TRAIN,True
233247,4,TEST,False
233262,4,TEST,True
233297,4,TRAIN,True
233302,4,VAL,True
233378,4,TRAIN,False
233458,4,TRAIN,True
233471,4,TRAIN,True
233592,4,TRAIN,False
233627,4,TRAIN,True
233654,4,TRAIN,True
233667,2,TRAIN,True
233802,4,TRAIN,True
233811,4,VAL,True
233881,4,TRAIN,True
233926,4,TRAIN,True
233935,1,TEST,False
233976,4,TEST,False
233984,4,TRAIN,False
234041,4,TRAIN,False
234073,4,TRAIN,True
234112,4,TEST,False
234157,4,TRAIN,True
234181,4,TRAIN,False
234278,4,TEST,False
234282,4,VAL,False
234347,4,TRAIN,False
234354,1,TRAIN,False
234360,4,TEST,True
234530,4,TEST,True
234578,4,TRAIN,True
234586,4,TRAIN,True
234587,4,TRAIN,False
234588,4,TRAIN,True
234622,4,TRAIN,False
234673,4,TRAIN,True
234721,4,TRAIN,False
234733,4,VAL,True
234882,1,TRAIN,True
234913,4,TRAIN,True
234920,4,TRAIN,False
234923,4,TRAIN,True
234935,4,TRAIN,True
234960,4,TRAIN,True
235010,4,TRAIN,True
235020,4,TRAIN,True
235039,4,TRAIN,True
235056,4,TRAIN,False
235129,4,TRAIN,False
235158,4,TRAIN,False
235266,4,VAL,True
235285,4,TEST,False
235339,4,TRAIN,True
235343,4,TEST,False
235376,4,TRAIN,True
235393,4,TRAIN,False
235414,4,TRAIN,False
235421,4,TRAIN,False
235427,4,TRAIN,False
235452,4,TRAIN,True
235482,4,TRAIN,False
235540,4,TEST,True
235630,4,TEST,True
235701,4,TRAIN,True
235712,4,TRAIN,False
235733,4,TEST,False
235746,4,TRAIN,True
235778,4,TRAIN,True
235783,4,TRAIN,True
235810,1,TRAIN,True
235821,1,TRAIN,False
235835,4,TRAIN,True
235837,4,TRAIN,False
235838,4,TRAIN,False
235970,4,VAL,True
236030,4,TRAIN,True
236042,4,TRAIN,False
236062,4,TRAIN,False
236107,4,TRAIN,False
236121,4,TEST,True
236149,1,TRAIN,True
236182,4,TEST,True
236207,4,TRAIN,True
236266,4,TRAIN,False
236298,4,TEST,False
236302,4,TEST,False
236350,4,TRAIN,False
236365,4,VAL,True
236396,4,TEST,False
236398,4,TRAIN,True
236422,1,TRAIN,False
236432,4,VAL,True
236536,4,TRAIN,True
236541,4,TRAIN,True
236608,4,TRAIN,True
236627,4,TEST,False
236672,1,TRAIN,True
236719,4,VAL,True
236786,4,VAL,True
236793,4,TRAIN,False
236803,4,TRAIN,True
236904,4,TRAIN,False
236908,4,TRAIN,False
236926,1,VAL,True
236950,1,TRAIN,True
236981,4,TRAIN,True
237035,4,TRAIN,True
237063,1,TRAIN,True
237113,4,TRAIN,True
237138,1,TRAIN,False
237146,4,TEST,False
237156,1,TRAIN,False
237315,4,TRAIN,False
237346,4,TRAIN,False
237358,4,TRAIN,True
237360,4,TRAIN,True
237479,4,TRAIN,True
237482,1,TRAIN,True
237685,4,TEST,False
237699,4,TRAIN,True
237717,4,VAL,False
237721,4,TRAIN,True
237735,4,TRAIN,False
237742,1,TEST,False
237751,4,TRAIN,True
237766,4,VAL,True
237780,4,TRAIN,True
237799,4,TRAIN,False
237839,4,TRAIN,True
237894,4,TEST,False
237943,1,TRAIN,True
237999,4,TRAIN,False
238027,4,TEST,True
238052,4,VAL,True
238086,4,TRAIN,True
238093,4,VAL,False
238149,4,TEST,False
238150,4,TRAIN,False
238173,4,TRAIN,True
238181,1,VAL,True
238253,4,TEST,True
238277,4,TRAIN,False
238335,4,TRAIN,False
238389,4,TRAIN,True
238392,4,TEST,True
238501,4,TRAIN,False
238538,4,VAL,True
238547,4,VAL,False
238548,1,VAL,True
238556,4,TEST,True
238622,4,TRAIN,True
238641,4,VAL,True
238687,4,TRAIN,False
238689,4,TRAIN,True
238692,4,TRAIN,True
238693,4,TRAIN,True
238694,4,TRAIN,True
238701,1,VAL,True
238720,1,TRAIN,True
238738,1,TRAIN,False
238777,4,VAL,False
238794,4,TRAIN,True
238813,4,TEST,True
238871,1,TRAIN,True
238874,1,TRAIN,False
238896,1,TRAIN,True
238898,4,TRAIN,True
238905,4,TRAIN,True
238934,4,VAL,True
239030,4,TRAIN,False
239051,4,TRAIN,False
239053,1,VAL,True
239056,4,VAL,False
239059,4,TRAIN,False
239077,1,TRAIN,False
239118,4,TRAIN,True
239236,4,TRAIN,False
239266,4,TRAIN,False
239326,4,TRAIN,False
239367,4,TRAIN,False
239368,4,TRAIN,False
239383,4,TRAIN,False
239387,1,VAL,True
239391,4,TEST,False
239437,4,TRAIN,True
239462,1,TRAIN,True
239502,4,TEST,True
239518,4,TRAIN,True
239523,4,TRAIN,True
239603,4,TRAIN,True
239605,4,TRAIN,True
239608,4,VAL,False
239609,1,TRAIN,True
239649,1,VAL,False
239724,4,TRAIN,False
239728,1,TRAIN,True
239731,4,VAL,True
239732,1,TRAIN,True
239758,4,VAL,False
239791,1,TEST,True
239797,4,TRAIN,False
239818,1,TRAIN,False
239820,1,TRAIN,True
239822,1,TRAIN,True
239830,4,TEST,False
239833,4,TRAIN,True
239866,4,TRAIN,True
239884,4,TRAIN,True
239890,4,TRAIN,True
239892,1,TRAIN,True
239894,4,TRAIN,True
239901,4,TRAIN,True
239903,4,TEST,True
239915,4,TRAIN,False
239938,4,TRAIN,False
239947,1,TRAIN,True
239993,4,VAL,False
240057,4,TRAIN,False
240094,1,TRAIN,False
240111,4,VAL,False
240143,4,TEST,False
240150,4,TEST,True
240227,1,TRAIN,True
240279,4,VAL,True
240305,4,VAL,True
240307,4,TRAIN,True
240317,1,TRAIN,False
240358,1,TRAIN,True
240369,4,TRAIN,False
240384,1,TRAIN,True
240385,1,TRAIN,True
240386,2,TRAIN,True
240389,1,TRAIN,True
240397,4,TRAIN,False
240412,1,TRAIN,True
240457,4,TRAIN,True
240458,4,VAL,False
240479,4,VAL,True
240493,4,VAL,False
240494,4,TRAIN,False
240507,4,TRAIN,True
240509,1,TRAIN,True
240510,1,TRAIN,False
240511,4,TEST,True
240553,1,TRAIN,True
240554,4,TRAIN,False
240559,4,TRAIN,True
240565,4,TRAIN,False
240567,4,TEST,False
240629,4,TRAIN,True
240635,4,VAL,True
240636,4,TRAIN,False
240645,4,TEST,False
240646,1,TRAIN,False
240647,4,TRAIN,False
240659,4,TRAIN,True
240690,4,TRAIN,False
240783,4,TRAIN,True
240857,4,TRAIN,True
240873,4,TRAIN,False
240946,4,TEST,True
240972,4,VAL,True
240973,4,TRAIN,True
240977,4,TRAIN,True
241044,1,TRAIN,True
241061,4,TRAIN,False
241064,4,TRAIN,False
241068,4,TRAIN,True
241069,1,TRAIN,True
241154,2,VAL,True
241159,4,TRAIN,True
241160,4,VAL,True
241178,4,TRAIN,True
241180,4,TEST,True
241189,1,TRAIN,True
241216,1,VAL,True
241302,4,TRAIN,False
241304,4,TRAIN,True
241308,4,TRAIN,False
241330,4,VAL,True
241419,4,TRAIN,True
241446,4,TEST,False
241810,4,TRAIN,False
241811,4,TEST,False
241954,4,TRAIN,False
242001,2,TEST,True
242037,4,TRAIN,True
242073,4,TRAIN,True
242127,1,TEST,False
242163,1,TRAIN,True
242382,1,VAL,False
242394,4,VAL,False
242754,1,TRAIN,True
242808,1,TRAIN,True
242810,4,TRAIN,True
242825,1,TEST,False
242826,1,VAL,True
242830,1,VAL,True
242832,1,TRAIN,True
242837,4,TRAIN,False
242888,1,TEST,False
242891,4,TRAIN,False
242892,4,TRAIN,False
242895,1,TEST,True
242926,4,TRAIN,False
242932,1,VAL,True
242937,4,TEST,False
242956,4,TRAIN,True
242959,4,TRAIN,True
243006,4,TRAIN,False
243012,1,TRAIN,False
243027,1,VAL,True
243029,1,TRAIN,True
243030,1,TRAIN,False
243035,4,TRAIN,True
243040,1,TRAIN,True
243042,1,TRAIN,False
243145,4,TRAIN,False
243271,1,TEST,True
243277,4,TRAIN,True
243286,4,TEST,False
243296,4,TRAIN,False
243324,4,VAL,True
243339,4,TRAIN,False
243457,4,TEST,False
243533,4,TRAIN,True
243552,4,VAL,True
243566,4,TRAIN,False
243589,1,VAL,True
243602,1,TRAIN,True
243612,1,TRAIN,True
243614,1,TRAIN,False
243617,1,VAL,True
243618,1,VAL,True
243638,4,TRAIN,True
243752,4,TRAIN,False
243760,4,TRAIN,True
243762,4,TRAIN,False
243763,4,TRAIN,False
243764,4,TRAIN,False
243765,4,TEST,False
243772,1,TRAIN,True
243811,4,TRAIN,True
243837,4,TRAIN,False
243838,4,TRAIN,True
243844,4,TRAIN,False
243849,4,TRAIN,False
243881,4,TRAIN,True
243888,4,TRAIN,False
243896,4,VAL,True
243941,4,TRAIN,True
243946,4,VAL,True
243953,1,TRAIN,False
243963,1,TRAIN,True
244000,4,TRAIN,True
244022,4,TRAIN,True
244043,1,TRAIN,True
244064,4,TRAIN,True
244087,4,TEST,True
244088,1,TRAIN,True
244090,4,TRAIN,True
244118,4,TRAIN,False
244138,4,TRAIN,False
244168,1,TRAIN,False
244288,4,TRAIN,True
244329,4,TRAIN,False
244402,4,TRAIN,False
244437,4,TRAIN,False
244480,1,TRAIN,True
244481,4,VAL,False
244526,4,TRAIN,False
244541,4,TRAIN,True
244605,4,TRAIN,False
244613,4,VAL,True
244636,1,TRAIN,True
244671,4,TRAIN,False
244747,4,TEST,False
244748,4,TRAIN,True
244752,2,TRAIN,True
244910,4,VAL,False
244948,4,TRAIN,False
244966,4,VAL,False
245007,4,TRAIN,True
245019,4,TRAIN,True
245120,4,TRAIN,False
245239,4,TRAIN,False
245298,4,TEST,True
245300,1,TRAIN,True
245308,4,TEST,True
245327,4,TEST,True
245333,4,TRAIN,False
245341,1,TRAIN,True
245344,4,TRAIN,True
245373,4,TRAIN,True
245435,1,TRAIN,True
245436,4,TRAIN,True
245474,4,TRAIN,True
245550,1,TEST,True
245552,1,TEST,True
245566,2,TRAIN,True
245573,1,VAL,True
245581,1,TEST,False
245587,4,TEST,False
245591,1,TRAIN,True
245674,4,TEST,False
245693,1,TRAIN,True
245701,1,TRAIN,False
245705,4,TRAIN,False
245710,4,VAL,False
245856,4,TEST,True
246387,4,TRAIN,False
246453,4,TRAIN,True
246549,4,TEST,False
246561,4,VAL,False
246621,4,TRAIN,True
246643,4,TRAIN,False
246645,4,VAL,False
246721,4,VAL,False
246864,4,TRAIN,False
246876,4,TRAIN,True
246934,4,TRAIN,True
247029,4,TRAIN,False
247035,4,TRAIN,True
247043,4,VAL,False
247211,4,TRAIN,True
247239,4,VAL,False
247315,4,VAL,True
247345,4,TRAIN,True
247371,4,VAL,False
247379,4,TEST,True
247398,4,TRAIN,True
247488,4,TRAIN,False
247536,4,TRAIN,False
247727,4,TEST,False
247784,4,TRAIN,False
247996,4,TEST,False
248007,4,TRAIN,False
248035,4,TRAIN,False
248145,4,TRAIN,False
248173,4,TRAIN,True
248460,1,TRAIN,True
248513,4,TRAIN,True
248616,4,TRAIN,True
248729,4,VAL,True
248847,4,TRAIN,False
248864,4,VAL,True
248922,4,TRAIN,True
249041,4,TRAIN,False
249156,4,VAL,False
249294,4,TRAIN,False
249322,4,TRAIN,False
249378,4,TRAIN,True
249459,1,TRAIN,True
249468,1,TRAIN,True
249476,2,TRAIN,True
249497,4,TRAIN,False
249498,2,TRAIN,True
249531,4,TRAIN,False
249600,4,VAL,True
249637,2,TRAIN,True
249720,4,TRAIN,False
249755,4,TRAIN,False
249787,1,TRAIN,True
249795,4,TEST,True
249837,4,TEST,False
249891,4,TRAIN,True
249909,4,TEST,True
249948,4,TRAIN,True
249957,1,TRAIN,True
249959,4,TRAIN,False
249995,4,TEST,False
250052,4,TEST,True
250094,4,TEST,False
250095,4,TRAIN,False
250096,4,TEST,True
250131,4,TRAIN,False
250149,1,TRAIN,True
250152,4,TEST,False
250175,4,TRAIN,True
250215,4,TRAIN,False
250240,1,TRAIN,True
250275,4,TRAIN,True
250347,4,TRAIN,False
250439,4,TRAIN,True
250487,4,TEST,False
250495,4,TRAIN,False
250519,4,TRAIN,True
250530,4,TRAIN,False
250558,4,TRAIN,False
250626,4,VAL,True
250664,4,TRAIN,True
250696,4,VAL,True
250701,4,TEST,False
250713,4,TRAIN,False
250733,1,TRAIN,False
250762,4,TRAIN,False
250772,4,TRAIN,False
250782,4,TRAIN,False
250804,4,TRAIN,True
250868,4,TRAIN,True
250888,1,TRAIN,True
250896,4,TRAIN,False
250914,4,TRAIN,True
250929,1,TEST,True
250951,4,VAL,True
250963,1,TEST,True
250981,4,TRAIN,False
251039,4,TRAIN,False
251051,1,VAL,True
251056,4,TRAIN,False
251125,1,TRAIN,True
251154,4,TRAIN,False
251163,1,TRAIN,False
251168,1,VAL,True
251185,1,TRAIN,True
251277,4,TEST,True
251278,4,TEST,False
251288,4,VAL,True
251294,4,TRAIN,True
251319,4,VAL,True
251337,4,TRAIN,True
251449,4,TRAIN,False
251757,4,TRAIN,False
251899,4,TRAIN,True
251901,4,TRAIN,True
251936,4,TRAIN,False
251975,4,TRAIN,True
252010,4,TRAIN,False
252025,1,TEST,False
252046,4,TRAIN,True
252103,4,TRAIN,True
252146,1,VAL,True
252147,1,VAL,True
252153,2,TEST,False
252206,4,TRAIN,True
252295,4,TRAIN,True
252328,1,VAL,True
252339,1,TEST,True
252355,4,TRAIN,True
252421,4,TRAIN,True
252429,4,VAL,False
252438,1,TRAIN,False
252450,1,TRAIN,False
252478,4,TEST,True
252500,4,TRAIN,True
252541,4,TRAIN,False
252572,4,TRAIN,True
252699,4,TEST,True
252704,4,TRAIN,False
252729,4,TRAIN,False
252768,4,TRAIN,True
252776,1,VAL,False
252794,4,TRAIN,True
252802,4,TRAIN,True
252809,4,TEST,False
252870,1,TRAIN,True
252871,1,VAL,False
252892,4,TRAIN,False
252894,4,TRAIN,False
252955,4,TRAIN,True
252960,4,TRAIN,True
253018,4,TRAIN,True
253020,4,TRAIN,False
253022,1,TRAIN,True
253156,1,TEST,False
253175,1,TEST,True
253177,4,TRAIN,False
253279,4,VAL,True
253281,4,TRAIN,False
253287,4,TRAIN,True
253290,1,TRAIN,True
253331,1,VAL,True
253339,4,VAL,True
253387,4,TRAIN,True
253395,4,TRAIN,True
253417,2,TRAIN,True
253431,4,TEST,False
253604,4,TEST,False
253760,4,TRAIN,False
253763,4,TRAIN,False
253774,1,TRAIN,True
253783,1,TRAIN,True
253861,4,TRAIN,False
253874,4,TRAIN,True
253923,4,TRAIN,False
254086,4,TRAIN,True
254101,4,TRAIN,False
254111,1,TRAIN,True
254128,1,TRAIN,False
254132,4,VAL,False
254135,4,TRAIN,True
254159,4,TRAIN,True
254215,4,TRAIN,True
254231,4,VAL,True
254254,4,TRAIN,True
254339,4,TRAIN,True
254431,4,TRAIN,False
254435,4,TRAIN,True
254436,4,TRAIN,False
254463,4,TEST,False
254474,4,TRAIN,True
254475,4,VAL,False
254566,4,TRAIN,False
254632,4,TRAIN,True
254661,4,TRAIN,True
254709,4,TEST,False
254809,4,TRAIN,False
255087,4,TEST,True
255149,4,TRAIN,False
255172,4,TRAIN,True
255209,1,TEST,False
255271,4,TRAIN,True
255292,4,TEST,False
255307,4,TRAIN,True
255364,4,TRAIN,True
255437,4,TEST,False
255488,4,TEST,False
255514,4,VAL,False
255538,4,TRAIN,False
255568,4,TEST,True
255581,4,TRAIN,True
255675,4,TRAIN,False
255696,4,TRAIN,True
255811,4,TRAIN,True
255981,4,VAL,False
256037,1,TEST,False
256170,4,TRAIN,False
256639,1,TEST,False
256657,1,TRAIN,True
256717,4,TRAIN,True
256728,4,TRAIN,True
256800,4,TEST,True
256918,1,VAL,True
256919,4,TRAIN,False
256963,4,TEST,True
256987,4,TRAIN,True
257039,4,TRAIN,False
257121,4,TRAIN,False
257128,4,TRAIN,True
257160,4,TRAIN,False
257289,4,TRAIN,True
257338,4,VAL,False
257354,4,TEST,False
257366,4,TRAIN,True
257415,4,TRAIN,False
257467,4,TRAIN,False
257524,4,VAL,False
257533,4,TEST,True
257609,4,TEST,True
257730,4,VAL,True
257777,4,VAL,True
257832,4,TEST,False
257899,4,TRAIN,True
257945,4,TRAIN,True
257956,2,TRAIN,False
257957,4,TRAIN,True
258082,4,TRAIN,True
258090,4,TRAIN,False
258265,4,TRAIN,False
258282,1,TRAIN,True
258287,4,TRAIN,True
258557,4,VAL,True
258588,4,TEST,True
258749,4,TRAIN,True
258847,4,TRAIN,True
258953,4,VAL,True
258977,4,TEST,False
258978,4,TRAIN,False
259199,4,TRAIN,False
259291,1,TRAIN,True
259440,4,TRAIN,False
259445,4,VAL,False
259558,1,TRAIN,True
259565,4,TRAIN,False
259658,4,TRAIN,True
259860,4,TRAIN,False
259884,1,TRAIN,True
260001,4,TRAIN,True
260088,4,TRAIN,False
260107,4,VAL,True
260110,4,TEST,True
260115,4,TRAIN,True
260468,1,TRAIN,False
260639,4,TRAIN,False
260768,4,TEST,True
260895,4,TRAIN,True
261172,4,TEST,True
261402,1,VAL,False
261580,4,TRAIN,False
261823,4,TRAIN,True
261934,4,VAL,True
262016,1,TRAIN,True
262058,4,TRAIN,False
262152,1,VAL,True
262945,4,TRAIN,True
263412,4,TRAIN,False
263775,4,TRAIN,True
263829,4,TRAIN,True
263967,1,TRAIN,False
264095,4,TRAIN,True
264115,4,TRAIN,False
264326,4,TRAIN,True
264358,4,TRAIN,False
264402,4,TRAIN,True
264634,4,TRAIN,False
264698,4,TRAIN,False
264733,4,TRAIN,True
264845,4,TRAIN,True
264895,4,TRAIN,True
264933,4,TRAIN,True
265044,4,TEST,True
265055,4,TRAIN,True
265185,4,TRAIN,False
265210,4,TRAIN,False
265235,4,TRAIN,True
265340,1,TRAIN,False
265341,4,TRAIN,True
265359,4,TRAIN,False
265427,4,TRAIN,True
265484,2,TRAIN,True
265529,4,TRAIN,False
265554,4,TRAIN,False
265586,4,TRAIN,False
265629,4,TRAIN,False
265681,4,TRAIN,True
265736,4,TRAIN,False
265876,4,TRAIN,True
266248,1,TRAIN,True
266342,4,TRAIN,True
266376,4,TEST,True
266611,4,TRAIN,True
266618,4,TEST,False
266623,4,TRAIN,True
266680,4,TRAIN,False
266715,4,TRAIN,True
266791,4,TEST,True
266837,4,TRAIN,False
266876,4,TEST,False
266887,4,TRAIN,True
266897,4,TRAIN,True
266921,4,TRAIN,False
267097,1,TRAIN,False
267247,4,TRAIN,False
267302,4,TRAIN,False
267445,4,TRAIN,False
267563,4,TRAIN,False
267644,4,TEST,False
267656,4,TRAIN,True
267666,4,TRAIN,False
267734,4,TRAIN,False
267743,4,TRAIN,False
267826,4,VAL,False
267859,4,TRAIN,False
267888,4,TEST,True
267912,4,TRAIN,False
267985,4,TRAIN,False
268094,4,TEST,False
268121,4,TRAIN,False
268273,4,VAL,False
268363,4,VAL,False
268526,4,TRAIN,True
268663,4,TRAIN,False
268667,4,TRAIN,True
268837,4,TRAIN,False
268928,4,TRAIN,False
268960,4,TRAIN,True
268975,4,TRAIN,False
269031,4,TRAIN,True
269131,4,TRAIN,False
269145,4,TRAIN,False
269171,4,TRAIN,True
269467,4,TRAIN,False
269758,4,TRAIN,True
270005,4,TEST,False
270055,4,TRAIN,False
270250,4,TRAIN,True
270354,4,TRAIN,False
270393,4,TEST,False
270584,4,TRAIN,False
270651,4,TRAIN,False
270680,4,TRAIN,True
270685,4,TRAIN,False
270724,4,TRAIN,False
270735,4,TRAIN,False
270739,4,TRAIN,True
270748,4,TRAIN,True
270768,4,TRAIN,True
270885,4,TRAIN,True
270935,4,VAL,True
271012,4,TRAIN,False
271056,4,TRAIN,False
271112,4,TRAIN,True
271130,4,TRAIN,False
271153,4,VAL,False
271231,4,TRAIN,False
271326,4,TRAIN,False
271708,4,TEST,False
271736,4,TRAIN,True
271854,4,TRAIN,False
272024,4,VAL,True
272062,4,TEST,False
272119,4,TRAIN,False
272196,4,TRAIN,False
272197,4,TEST,False
272216,4,TEST,False
272440,4,TRAIN,False
272498,4,TRAIN,False
272703,4,TRAIN,True
272713,4,TRAIN,True
272724,4,TRAIN,False
272799,4,TRAIN,True
272828,4,TRAIN,True
273081,4,TRAIN,True
273095,4,TRAIN,False
273163,4,TRAIN,False
273172,1,TRAIN,False
273213,4,TRAIN,False
273229,4,TRAIN,False
273249,4,TRAIN,True
273614,4,VAL,True
273662,4,TRAIN,True
273760,4,VAL,False
273845,4,TEST,True
273848,4,TRAIN,False
274043,4,TRAIN,False
274142,4,VAL,True
274294,4,TEST,True
274303,4,TRAIN,False
274512,4,TRAIN,False
274520,1,VAL,True
274705,4,VAL,False
274755,4,TRAIN,True
274881,4,TRAIN,False
274896,4,TRAIN,False
274912,4,TRAIN,False
274974,4,TRAIN,True
275210,4,TRAIN,False
275456,4,TRAIN,False
275537,4,TRAIN,True
275609,4,TRAIN,False
275810,4,TRAIN,False
275839,4,TEST,True
275893,4,VAL,True
275910,4,TEST,False
275930,4,TEST,False
276209,4,TRAIN,True
276406,4,TRAIN,False
276472,4,TRAIN,True
276526,4,TEST,True
276624,4,VAL,True
276718,4,TRAIN,True
276731,4,TRAIN,False
276914,4,TRAIN,False
276924,4,TEST,True
277230,4,TEST,True
277272,4,TRAIN,True
277401,4,TEST,True
277541,4,TEST,False
277656,4,TRAIN,True
277889,4,VAL,True
277988,4,TRAIN,False
278036,4,VAL,False
278051,4,TRAIN,False
278180,4,TRAIN,False
278271,4,TRAIN,False
278360,4,TRAIN,True
278366,4,VAL,False
278395,4,TRAIN,False
278596,4,TRAIN,False
278610,4,TRAIN,False
278703,4,TRAIN,False
278793,4,TRAIN,False
278897,4,TRAIN,False
278924,1,VAL,False
278941,4,TRAIN,False
278950,4,TRAIN,True
279009,4,TEST,False
279498,4,TRAIN,False
279604,4,VAL,False
279687,4,TRAIN,False
279763,4,TEST,True
279790,4,TRAIN,True
280089,4,TRAIN,False
280122,4,TRAIN,False
280160,4,TEST,True
280278,4,VAL,False
280303,4,TRAIN,False
280475,4,VAL,False
280853,4,TRAIN,True
280863,4,TRAIN,False
281016,4,TRAIN,False
281039,4,TRAIN,False
281112,4,TRAIN,False
281141,4,TRAIN,False
281155,4,TRAIN,False
281236,4,TRAIN,False
281265,4,TRAIN,False
281268,4,TRAIN,False
281299,4,VAL,False
281400,4,TEST,False
281533,4,TRAIN,True
281616,4,TRAIN,False
281724,4,TEST,False
281811,4,TRAIN,True
282042,4,TRAIN,False
282054,4,VAL,False
282122,4,TEST,False
282312,4,TEST,False
282370,4,TRAIN,False
282511,4,TEST,True
282552,4,TRAIN,True
282564,4,TRAIN,False
282565,4,TRAIN,True
282583,4,TRAIN,True
282641,4,VAL,False
282646,4,TRAIN,False
282670,4,TRAIN,True
282678,4,TRAIN,True
282720,4,TRAIN,True
282939,4,TEST,False
283132,4,TRAIN,False
283217,4,VAL,True
283403,4,TRAIN,True
283433,4,VAL,True
283515,4,VAL,False
283628,4,TRAIN,True
283644,4,TEST,False
283726,4,TEST,False
283757,4,TRAIN,True
283884,4,TRAIN,True
283982,4,TEST,False
284035,4,TRAIN,True
284192,4,TRAIN,True
284241,4,TRAIN,False
284249,4,VAL,True
284319,4,TRAIN,False
284325,4,TEST,False
284332,4,TEST,True
284337,4,TRAIN,True
284359,4,TEST,False
284364,4,VAL,False
284397,4,TRAIN,False
284422,4,TRAIN,True
284457,4,TRAIN,False
284482,4,TRAIN,False
284503,4,TEST,False
284514,4,VAL,True
284642,4,TRAIN,False
284667,4,TRAIN,True
284855,4,TRAIN,True
284880,4,TRAIN,False
285021,4,VAL,False
285110,4,TRAIN,True
285153,4,TRAIN,True
285180,4,TEST,True
292703,4,TRAIN,False
292739,1,TRAIN,False
292744,1,TRAIN,False
292751,4,TRAIN,True
292752,1,TRAIN,True
292756,1,TRAIN,True
292758,1,TRAIN,True
292764,4,VAL,True
292766,4,TRAIN,True
292768,1,TRAIN,True
292770,1,TEST,False
292772,4,TRAIN,True
292774,4,VAL,True
292775,1,TRAIN,True
292776,4,TRAIN,True
292782,1,TRAIN,False
292784,1,TRAIN,False
292785,4,TEST,True
292787,4,TEST,False
292801,4,TEST,True
292819,4,VAL,False
292820,1,TEST,True
292825,1,TEST,True
292826,1,VAL,True
292828,4,TRAIN,False
292830,1,TRAIN,False
292831,4,TRAIN,False
292832,4,TRAIN,True
292833,1,TEST,True
292835,1,TRAIN,True
292836,4,TRAIN,True
292837,4,TRAIN,True
292838,1,TRAIN,True
292839,1,TRAIN,False
292840,1,TEST,True
292844,1,TRAIN,True
292845,4,TRAIN,True
292846,4,VAL,True
292851,1,VAL,True
292852,4,TRAIN,True
292853,1,TRAIN,True
292854,4,TRAIN,False
292855,4,TRAIN,False
292857,4,TRAIN,True
292858,4,TRAIN,True
292859,4,VAL,True
292862,4,TRAIN,True
292868,1,VAL,True
292870,1,TRAIN,False
292873,1,TRAIN,True
292874,1,TRAIN,True
292875,1,TRAIN,False
292878,1,TRAIN,True
292880,1,TEST,True
292882,1,TRAIN,True
292884,4,TEST,True
292885,4,VAL,True
292886,4,TRAIN,True
292889,4,TRAIN,True
292890,4,TRAIN,True
292892,4,TRAIN,False
292893,4,TRAIN,True
292894,1,TRAIN,True
292897,1,TRAIN,True
292898,2,TRAIN,True
292900,1,TRAIN,True
292902,1,TRAIN,False
292903,4,TRAIN,True
292904,4,TRAIN,True
292905,4,TRAIN,True
292906,4,TRAIN,True
292907,4,TRAIN,False
292908,1,TEST,True
292909,4,TRAIN,True
292953,4,VAL,True
292957,4,TRAIN,False
292961,4,TRAIN,True
292962,1,TEST,True
292970,4,TRAIN,True
292972,1,TEST,False
292975,4,TEST,True
292978,4,TEST,True
292982,2,VAL,True
292996,1,TRAIN,True
292998,1,TRAIN,True
293021,4,TRAIN,True
293023,4,VAL,True
293032,4,TRAIN,True
293033,1,TRAIN,True
293037,4,TRAIN,False
293040,1,TRAIN,True
293044,1,TRAIN,True
293047,4,TRAIN,False
293052,1,TRAIN,False
293055,4,TRAIN,True
293056,4,VAL,False
293057,2,TEST,True
293060,2,TRAIN,True
293063,1,TRAIN,True
293065,4,TRAIN,False
293066,4,TRAIN,True
293067,1,TRAIN,False
293068,1,VAL,False
293075,1,TRAIN,True
293088,4,TEST,False
293103,4,TRAIN,False
293109,4,VAL,True
293115,4,TRAIN,True
293152,4,TRAIN,False
293154,4,TEST,False
293164,4,TRAIN,True
293171,4,TRAIN,True
293175,1,TRAIN,True
293178,4,TRAIN,True
293183,4,TRAIN,False
293184,4,TEST,True
293185,4,TRAIN,True
293188,4,TRAIN,False
293190,4,TRAIN,False
293197,4,TRAIN,True
293202,2,TRAIN,True
293203,1,TRAIN,False
293209,2,TRAIN,True
293212,1,TRAIN,True
293216,4,VAL,True
293217,1,TEST,True
293218,4,TRAIN,True
293243,4,TRAIN,False
293273,4,VAL,False
293287,4,TEST,False
293288,4,TRAIN,False
293299,4,TEST,False
293300,4,TRAIN,True
293306,4,TRAIN,True
293328,1,TEST,False
293332,4,TRAIN,True
293342,4,TRAIN,False
293353,2,TRAIN,True
293355,4,VAL,False
293361,2,VAL,True
293370,1,TEST,True
293372,1,TRAIN,True
293379,1,TRAIN,True
293387,4,VAL,False
293391,4,TRAIN,True
293397,4,TRAIN,True
293398,4,TRAIN,True
293400,4,TRAIN,True
293401,4,TRAIN,True
293404,1,TRAIN,True
293406,4,TEST,False
293407,2,TEST,True
293431,4,TRAIN,False
293441,4,TRAIN,True
293445,1,TRAIN,True
293451,4,TRAIN,False
293454,1,TRAIN,True
293455,2,TRAIN,True
293458,4,TRAIN,False
293460,4,TRAIN,False
293463,1,TRAIN,True
293470,4,VAL,False
293472,4,TEST,False
293483,1,TEST,False
293485,2,TRAIN,True
293487,1,TRAIN,True
293509,4,TRAIN,False
293515,4,TEST,True
293520,4,TRAIN,False
293581,4,TRAIN,True
293595,1,TRAIN,True
293596,1,VAL,True
293602,4,VAL,True
293608,4,TRAIN,True
293614,2,TRAIN,True
293628,4,TRAIN,True
293632,1,TRAIN,True
293633,1,VAL,True
293638,4,TRAIN,True
293640,4,TRAIN,True
293641,1,TRAIN,True
293645,1,TRAIN,False
293650,1,TRAIN,True
293676,4,TRAIN,False
293680,4,VAL,True
293681,1,TRAIN,True
293687,4,VAL,False
293688,4,VAL,False
293689,4,TRAIN,False
293695,1,TRAIN,True
293696,4,TRAIN,True
293697,4,TRAIN,True
293702,1,TRAIN,True
293703,1,TEST,True
293711,1,TRAIN,True
293714,4,TRAIN,True
293719,4,TRAIN,False
293726,1,TEST,True
293727,2,TEST,True
293728,1,TRAIN,False
293731,4,TRAIN,True
293732,4,TRAIN,True
293733,4,TRAIN,True
293736,4,TRAIN,True
293740,1,VAL,True
293742,2,TRAIN,True
293753,4,VAL,False
293759,1,VAL,True
293767,1,VAL,True
293770,1,TEST,True
293772,1,TEST,False
293774,1,TRAIN,True
293778,1,TRAIN,True
293779,4,TEST,True
293781,1,TRAIN,True
293783,1,TEST,False
293787,1,TRAIN,True
293788,4,VAL,False
293793,1,TRAIN,True
293794,4,TRAIN,True
293795,1,TRAIN,True
293798,1,VAL,True
293800,1,TRAIN,True
293805,1,TRAIN,True
293806,1,TRAIN,False
293807,1,TRAIN,False
293808,1,TEST,True
293809,1,TEST,True
293815,4,VAL,True
293820,1,TRAIN,True
293822,4,TRAIN,False
293823,4,TEST,True
293825,4,TRAIN,True
293826,1,TRAIN,True
293828,4,TRAIN,True
293831,1,TEST,True
293834,1,TRAIN,False
293835,4,TRAIN,False
293839,4,TRAIN,True
293842,1,TRAIN,True
293846,4,TRAIN,True
293891,4,TRAIN,False
293902,4,TRAIN,False
293979,4,VAL,False
294001,4,TRAIN,True
294034,4,TRAIN,True
294054,4,TRAIN,True
294065,4,VAL,True
294090,4,VAL,False
294091,4,TRAIN,True
294102,1,TRAIN,True
294114,4,TRAIN,True
294116,1,VAL,True
294119,4,VAL,True
294120,4,TEST,True
294131,4,TEST,True
294137,4,TRAIN,True
294139,1,TRAIN,True
294145,4,TRAIN,True
294148,1,TRAIN,True
294151,4,TRAIN,True
294153,4,TRAIN,True
294162,4,TRAIN,True
294167,4,TEST,False
294216,4,VAL,False
294258,4,TRAIN,True
294274,4,TRAIN,False
294275,4,TRAIN,False
294308,4,TRAIN,True
294348,4,VAL,False
294350,4,TEST,False
294357,4,TRAIN,True
294370,4,TEST,False
294383,1,VAL,False
294384,4,TRAIN,False
294385,4,VAL,True
294386,2,TRAIN,False
294842,4,VAL,True
294988,4,TRAIN,False
294996,4,TRAIN,False
294998,4,TRAIN,False
295169,4,TEST,True
295215,4,TEST,False
295218,4,TRAIN,False
295302,4,TRAIN,False
295414,4,TRAIN,True
295477,4,TEST,False
295610,4,TRAIN,False
295849,4,TRAIN,False
296062,1,TRAIN,False
296065,1,TRAIN,False
296071,4,TRAIN,False
296076,4,VAL,True
296077,1,TEST,False
296078,4,TRAIN,False
296081,4,TRAIN,False
296083,1,VAL,True
296084,4,TRAIN,False
296085,4,TRAIN,True
296090,1,TRAIN,True
296092,2,TRAIN,True
296102,4,TRAIN,False
296167,4,TRAIN,False
296219,4,TRAIN,False
296275,4,VAL,False
296336,4,TRAIN,True
296370,4,TEST,False
296384,1,TRAIN,False
296419,4,VAL,False
296424,4,TEST,False
296429,4,TRAIN,True
296453,4,TEST,True
296464,4,TRAIN,True
296564,4,TRAIN,False
296580,4,VAL,True
296608,4,TRAIN,False
296619,4,TRAIN,True
296665,1,VAL,True
296681,4,TRAIN,False
296718,4,TRAIN,False
296788,4,TRAIN,False
296833,4,VAL,True
297017,4,TRAIN,False
297189,4,TRAIN,True
297282,4,TRAIN,True
297396,4,TRAIN,True
297487,4,TRAIN,False
297522,2,TRAIN,False
297534,1,TEST,False
297536,1,TRAIN,True
297538,4,TRAIN,False
297573,4,TRAIN,False
297714,4,TRAIN,True
297724,4,VAL,False
297745,4,TRAIN,False
297782,4,TRAIN,False
297793,4,VAL,False
297840,4,TRAIN,True
297847,1,TRAIN,False
297854,4,TRAIN,True
297877,4,TRAIN,True
297968,4,TRAIN,False
297996,4,TRAIN,False
298019,4,TRAIN,False
298124,4,TRAIN,False
298142,4,TRAIN,True
298164,4,VAL,True
298170,1,TRAIN,False
298184,1,TRAIN,True
298363,4,VAL,False
298371,4,TRAIN,True
298384,4,TRAIN,False
298419,4,TRAIN,True
298451,4,TEST,True
298527,4,VAL,False
298626,1,TRAIN,True
298686,4,VAL,False
298721,4,TEST,True
298922,4,VAL,True
298923,4,TRAIN,True
298951,4,VAL,False
299000,4,TRAIN,True
299042,4,TRAIN,False
299066,4,TRAIN,False
299067,4,TRAIN,False
299089,4,TEST,False
299092,4,TEST,False
299167,4,TRAIN,False
299171,4,TRAIN,True
299211,4,TRAIN,True
299252,4,TRAIN,True
299340,4,TRAIN,False
299420,4,TRAIN,False
299532,4,TRAIN,False
299722,4,TRAIN,True
299810,4,TRAIN,False
299858,4,TRAIN,True
299991,4,TRAIN,True
3000,2,TRAIN,True
300005,4,TEST,True
300024,4,VAL,True
300026,4,TRAIN,True
3001,1,TRAIN,True
3002,1,TEST,True
300247,4,TEST,True
300269,4,TEST,True
3003,1,TRAIN,True
3004,2,TRAIN,True
300457,4,TRAIN,False
3005,1,TRAIN,True
3006,1,VAL,True
300678,4,TRAIN,False
3007,1,TRAIN,True
300760,4,TRAIN,False
300763,4,TRAIN,False
300794,4,TRAIN,False
300795,4,TRAIN,False
3008,2,VAL,True
300847,4,VAL,True
300890,4,TRAIN,True
3009,2,TRAIN,True
300997,4,VAL,False
3010,1,TRAIN,True
301046,4,TRAIN,True
301058,1,TEST,False
301075,4,TRAIN,False
301077,4,TRAIN,False
301082,4,TRAIN,True
301088,4,TRAIN,True
301097,1,VAL,False
3011,2,VAL,True
301163,4,TRAIN,True
301198,4,TRAIN,True
3012,1,TRAIN,True
301215,4,TRAIN,False
3013,2,TRAIN,True
301328,4,TRAIN,True
301349,4,TRAIN,False
301351,4,TEST,True
3014,1,TRAIN,True
301407,4,TRAIN,True
301495,4,TRAIN,False
3015,2,VAL,False
301568,1,TRAIN,True
301572,4,TRAIN,False
301579,4,TRAIN,False
301580,4,TRAIN,True
3016,2,TRAIN,True
301671,4,TRAIN,False
301672,1,VAL,True
301695,1,TRAIN,True
301697,1,TRAIN,True
3017,2,TRAIN,False
301736,4,TRAIN,False
3018,1,TRAIN,True
3019,1,TRAIN,False
301903,4,TRAIN,False
301906,4,VAL,False
301950,4,TEST,True
301951,1,TEST,False
301954,4,TEST,True
301987,4,TRAIN,True
301993,4,TRAIN,False
3020,1,VAL,True
302082,4,TRAIN,False
302087,4,VAL,False
3021,1,TRAIN,True
302109,4,TEST,False
302118,4,TRAIN,True
302136,4,TEST,True
302146,4,TRAIN,False
3022,3,TRAIN,True
302206,4,VAL,True
3023,1,TRAIN,True
302376,4,VAL,True
302377,4,TRAIN,False
3024,1,TRAIN,True
3025,1,TRAIN,True
302526,1,TRAIN,True
302554,1,VAL,True
302555,1,TRAIN,False
302563,4,TEST,False
302572,4,VAL,True
302575,1,TRAIN,True
3026,1,VAL,True
302606,4,TRAIN,True
3027,1,VAL,True
302702,4,TRAIN,True
3028,1,TRAIN,True
3029,2,TRAIN,True
302988,4,TEST,False
303060,4,TRAIN,False
303099,4,TEST,False
303689,4,TRAIN,False
303940,4,TRAIN,False
303977,4,TRAIN,False
304000,4,TRAIN,True
304032,4,TRAIN,True
304167,4,TEST,True
304234,4,TRAIN,False
304274,4,TRAIN,True
304359,4,TRAIN,True
304566,4,TEST,False
304636,4,TEST,False
304690,4,TRAIN,False
304697,4,TRAIN,False
304707,1,TRAIN,False
304759,4,TRAIN,True
304826,4,TRAIN,False
304850,4,TRAIN,False
3050,3,TRAIN,True
305079,1,VAL,True
3051,1,VAL,True
305113,4,TRAIN,False
305195,4,TEST,False
3052,1,TRAIN,True
305236,4,TRAIN,False
305246,4,VAL,False
3053,2,TRAIN,True
305301,4,TRAIN,False
3054,1,TEST,True
305422,4,TRAIN,False
3055,2,VAL,True
305530,4,VAL,False
305594,4,TRAIN,False
305599,1,TEST,False
3056,1,TEST,True
305607,4,TRAIN,True
305643,4,TEST,True
305645,4,TRAIN,False
305654,4,TRAIN,True
3057,2,TRAIN,True
305710,2,TRAIN,True
305725,4,TRAIN,True
305772,4,TRAIN,True
305775,4,TEST,True
3058,1,TRAIN,True
305804,4,TRAIN,True
305889,1,TRAIN,True
3059,1,TRAIN,True
305923,4,TRAIN,False
305957,4,VAL,False
3060,1,TRAIN,True
3061,1,VAL,True
3062,1,TRAIN,True
3063,2,TEST,False
306333,4,TRAIN,False
3064,2,TRAIN,True
306400,4,TRAIN,True
306464,4,TRAIN,False
3065,1,VAL,False
306516,1,TRAIN,True
3066,1,TRAIN,True
3067,1,TRAIN,True
306718,4,TRAIN,False
306731,4,TEST,False
3068,1,TRAIN,True
306827,4,TRAIN,True
306854,4,VAL,True
306861,4,TEST,True
3069,2,TRAIN,True
306934,4,TRAIN,False
306975,4,TRAIN,False
306977,4,TRAIN,True
3070,2,TRAIN,False
307044,4,VAL,False
3071,2,TRAIN,True
3072,2,TRAIN,True
307259,4,TEST,True
307287,4,TEST,False
3073,2,TRAIN,True
307358,4,TRAIN,True
307373,4,TRAIN,False
307388,1,VAL,True
3074,2,TRAIN,True
307499,4,TRAIN,False
3075,2,TRAIN,True
307589,1,TRAIN,True
307598,4,TRAIN,False
3076,1,TRAIN,True
307656,1,TRAIN,True
307674,4,TEST,False
3077,1,TRAIN,True
307727,4,TEST,True
307762,4,TRAIN,False
3078,1,TEST,True
307801,4,TRAIN,False
3079,3,VAL,True
307910,4,VAL,False
307930,4,TRAIN,True
307977,4,TRAIN,False
3080,1,TEST,True
308031,4,TRAIN,True
308043,4,TRAIN,False
308049,1,TRAIN,True
308061,4,TRAIN,False
3081,1,VAL,True
308101,4,TEST,True
308126,4,VAL,False
308129,4,TEST,True
308167,4,TRAIN,True
3082,3,TEST,True
308239,4,TRAIN,True
3083,1,VAL,True
3084,2,TRAIN,False
3085,2,TRAIN,True
308529,4,TRAIN,True
3086,1,TEST,True
308617,4,TEST,False
308648,4,TRAIN,False
308653,4,TRAIN,False
308661,4,TEST,False
3087,2,TEST,True
308752,4,TEST,False
3088,1,TRAIN,True
308814,4,TRAIN,True
308859,4,TRAIN,False
308866,4,VAL,True
308870,4,TEST,True
3089,1,TRAIN,True
308946,4,TRAIN,False
309126,4,TEST,False
309162,4,TEST,False
309220,4,TRAIN,False
309357,4,TRAIN,True
309430,4,VAL,False
309504,4,TRAIN,True
309539,4,VAL,False
309592,4,TRAIN,False
309751,1,TRAIN,True
309768,1,TRAIN,True
309799,4,VAL,True
309860,4,TRAIN,False
309890,4,TEST,True
309918,2,TRAIN,False
309923,4,VAL,True
309932,4,TRAIN,False
3100,2,TRAIN,True
310047,2,TRAIN,False
3101,3,TRAIN,True
310157,4,VAL,False
3102,1,TRAIN,True
3103,2,TEST,False
310374,4,TRAIN,False
3104,2,TRAIN,True
310459,4,VAL,False
3105,1,TRAIN,True
310557,4,TRAIN,True
310564,4,TRAIN,False
3106,2,TRAIN,True
310677,1,TRAIN,False
310689,4,TRAIN,False
310699,4,TEST,False
3107,1,TRAIN,True
310712,4,VAL,True
310777,4,TRAIN,False
3108,1,TRAIN,True
310862,4,TRAIN,False
3109,2,VAL,True
310998,1,TEST,True
3110,1,TRAIN,True
311004,4,VAL,True
311008,2,TRAIN,True
311011,2,TRAIN,True
311017,2,TRAIN,True
311018,1,TRAIN,False
311019,2,TRAIN,True
311027,4,TRAIN,False
311043,2,TRAIN,True
311054,4,TEST,True
3111,1,VAL,True
311116,2,TRAIN,True
311138,2,TRAIN,False
311165,4,TEST,True
311187,4,VAL,False
3112,2,TRAIN,True
311242,4,TRAIN,False
3113,1,TRAIN,True
311354,4,TRAIN,False
311363,1,TRAIN,True
311373,2,TEST,True
311375,1,TRAIN,False
311399,1,TRAIN,True
3114,2,TRAIN,True
311402,1,TRAIN,True
311442,2,TRAIN,True
311446,4,TEST,False
311453,2,TEST,True
3115,2,TRAIN,True
311540,1,TRAIN,True
3116,1,TRAIN,True
311639,1,TRAIN,False
311641,1,TRAIN,True
311688,4,TEST,True
311689,4,VAL,False
311692,1,TRAIN,False
3117,1,TRAIN,False
3118,1,VAL,True
311885,4,TRAIN,False
3119,1,TRAIN,True
311970,4,TRAIN,True
311981,4,TRAIN,True
311982,1,TRAIN,False
311993,1,TRAIN,True
3120,1,TRAIN,True
312015,1,VAL,True
312043,2,TRAIN,True
3121,2,TRAIN,False
312107,4,TRAIN,True
312117,4,TRAIN,False
312122,4,TRAIN,False
3122,1,TRAIN,True
312220,4,TRAIN,True
312222,1,TRAIN,True
312228,1,TRAIN,True
312296,2,TRAIN,False
3123,1,TRAIN,True
312360,4,TRAIN,False
3124,1,TRAIN,True
312499,2,TRAIN,True
3125,1,TRAIN,True
3126,1,TRAIN,True
312689,4,TRAIN,False
312692,4,TRAIN,False
3127,1,TRAIN,True
312709,4,TEST,False
3128,1,TRAIN,True
312834,4,TRAIN,False
312859,1,TRAIN,True
312883,4,TRAIN,True
3129,1,TRAIN,True
312902,1,TRAIN,True
312909,4,TEST,True
3130,1,TEST,True
3131,1,TRAIN,True
313132,4,VAL,True
313162,1,TRAIN,True
3132,1,TRAIN,True
313200,4,TRAIN,True
313242,4,TRAIN,True
313254,4,TRAIN,True
313265,4,TRAIN,False
3133,1,TEST,True
313354,4,VAL,True
313373,1,TEST,True
313375,2,VAL,False
3134,1,TRAIN,True
313406,4,TEST,False
313522,4,TRAIN,False
313603,4,TEST,False
313620,4,TEST,False
313640,4,VAL,True
313697,4,TEST,False
313701,4,TRAIN,True
313702,1,TRAIN,True
313712,4,TRAIN,False
313715,1,TRAIN,True
313718,2,TRAIN,False
313739,4,TEST,False
313846,4,TRAIN,False
313865,4,TRAIN,False
313919,4,TRAIN,False
314097,4,TEST,False
314186,4,TRAIN,True
314234,4,TEST,True
314240,2,TRAIN,True
314288,4,TRAIN,False
314347,1,VAL,False
314374,4,TRAIN,False
314625,1,TRAIN,True
314660,1,VAL,True
314812,4,TRAIN,False
314978,4,TRAIN,False
314993,2,TRAIN,True
3150,1,TRAIN,True
315006,4,VAL,False
3151,2,TRAIN,True
315125,4,TRAIN,False
315185,4,TEST,True
315189,4,TEST,False
3152,3,TRAIN,True
315201,4,TRAIN,False
315210,4,TRAIN,True
315218,4,VAL,True
315233,2,TRAIN,True
315243,4,TRAIN,False
315287,4,TRAIN,False
3153,2,VAL,False
315370,4,TRAIN,False
315378,1,TRAIN,True
315390,4,TEST,False
315395,4,TRAIN,False
3154,1,TRAIN,True
315426,4,TRAIN,True
315443,4,TRAIN,True
315447,4,VAL,True
315452,4,VAL,True
315457,2,TRAIN,False
3155,2,TRAIN,False
315547,4,TEST,True
315578,4,TRAIN,False
315597,4,TRAIN,True
3156,2,TEST,True
315616,2,VAL,True
315670,1,TRAIN,True
315676,4,VAL,False
315697,4,TEST,False
3157,2,TRAIN,True
315720,4,TEST,True
315778,4,TRAIN,True
315782,4,TRAIN,False
3158,1,TRAIN,False
315844,4,TEST,True
315900,4,VAL,False
315970,4,TRAIN,True
315971,4,TEST,True
3160,2,TRAIN,True
316069,4,TEST,True
3161,2,TRAIN,True
316122,4,TRAIN,False
316135,4,TRAIN,False
3162,1,TRAIN,True
316271,4,VAL,False
316289,4,VAL,False
3163,1,TRAIN,False
316326,4,TRAIN,True
316375,4,TEST,True
3164,1,TRAIN,True
316436,4,VAL,True
316451,4,VAL,False
3165,2,TEST,True
316537,4,TRAIN,False
316574,4,TRAIN,False
316597,4,TRAIN,False
3166,1,TRAIN,True
316644,4,TEST,True
316648,4,VAL,False
316654,4,TEST,False
316687,4,VAL,False
3167,1,TRAIN,True
316762,4,VAL,True
316774,4,TRAIN,True
316787,4,TRAIN,False
3168,1,TRAIN,True
316817,4,TRAIN,True
316848,4,VAL,False
3169,2,TRAIN,True
316906,4,TEST,False
316912,4,TRAIN,False
316923,4,TRAIN,False
316944,4,TRAIN,False
316973,4,TEST,False
3170,3,TRAIN,True
317067,1,TRAIN,True
317078,4,TRAIN,True
3171,2,TRAIN,True
317106,4,TRAIN,False
317115,2,TRAIN,True
317117,2,TEST,False
317144,4,TRAIN,False
3172,2,TRAIN,True
317250,4,TRAIN,True
3173,1,TEST,True
317318,4,TRAIN,False
317354,4,TRAIN,False
3174,1,TRAIN,True
317429,4,TRAIN,True
317433,4,TRAIN,True
317483,4,TRAIN,True
3175,1,TRAIN,True
317548,2,TEST,False
317551,4,TRAIN,True
317588,4,TRAIN,True
317591,4,TRAIN,False
3176,1,TRAIN,True
317608,4,TRAIN,True
317625,4,TRAIN,False
3177,1,TRAIN,True
317793,4,TRAIN,False
3178,1,TRAIN,True
317819,4,TRAIN,False
317824,1,TEST,True
317857,4,VAL,False
3179,1,TRAIN,True
317947,4,TRAIN,False
317967,4,TRAIN,False
317996,4,VAL,False
3180,1,TRAIN,True
3181,1,TRAIN,True
318114,4,TRAIN,True
318146,4,TRAIN,False
318159,4,VAL,False
318165,4,VAL,True
3182,1,TRAIN,True
3183,3,TRAIN,True
3184,1,TRAIN,True
318437,4,TRAIN,False
318450,4,TRAIN,True
3185,1,TRAIN,True
318527,4,TEST,True
318577,4,TEST,False
318592,4,TRAIN,False
3186,1,TRAIN,True
318637,4,TRAIN,True
318648,4,VAL,True
3187,1,TRAIN,True
318701,4,TEST,False
318737,4,TEST,False
3188,2,TRAIN,True
318815,4,TRAIN,False
318819,4,VAL,False
318863,4,TRAIN,True
318884,1,TRAIN,True
3189,3,TRAIN,True
318952,4,TRAIN,False
318958,4,TEST,True
3190,1,VAL,True
319014,4,TEST,False
319043,4,TEST,False
319046,4,TRAIN,True
319047,4,TEST,True
319062,1,TEST,True
319067,4,TRAIN,False
319086,4,TRAIN,True
3191,2,TRAIN,True
319265,4,TRAIN,False
319291,4,TRAIN,True
319322,4,VAL,False
319382,4,TRAIN,False
319411,4,TRAIN,False
319543,1,TRAIN,True
319588,4,TRAIN,True
319735,1,TRAIN,True
319738,1,TEST,True
319839,4,TRAIN,False
319867,4,TEST,False
319896,4,TEST,False
319977,4,VAL,False
3200,2,TRAIN,True
320028,4,TEST,False
3201,2,TEST,True
320165,4,VAL,False
320173,4,TRAIN,False
320176,4,TRAIN,False
320177,4,TEST,False
3202,2,TEST,False
320241,4,TEST,False
320242,4,VAL,False
320274,4,VAL,True
3203,1,TEST,True
320325,4,TEST,False
3204,2,TRAIN,False
320452,4,TRAIN,True
320471,4,TRAIN,False
3205,1,TRAIN,True
320517,4,VAL,False
320534,4,TRAIN,False
320563,4,TRAIN,False
320591,4,TRAIN,False
320596,1,TRAIN,True
3206,2,TRAIN,True
320606,4,VAL,False
320616,4,TRAIN,False
320651,1,TRAIN,True
3207,1,TRAIN,True
320726,4,TEST,False
320779,4,TRAIN,True
320796,4,TRAIN,True
3208,2,TRAIN,False
320803,4,TRAIN,False
3209,1,TEST,True
3210,1,TRAIN,True
321036,4,TRAIN,False
3211,1,VAL,True
321118,4,TRAIN,True
321145,4,TRAIN,True
321150,4,TRAIN,True
321168,4,TEST,True
3212,1,TRAIN,True
321257,4,TRAIN,True
3213,2,TRAIN,True
321320,4,VAL,False
321375,4,TRAIN,False
3214,1,TRAIN,True
321482,2,TRAIN,True
3215,2,TEST,True
321546,2,TRAIN,False
321564,4,TRAIN,True
321580,4,VAL,False
321582,4,TRAIN,True
321587,4,VAL,True
3216,2,TRAIN,True
321617,4,TRAIN,False
321662,4,TEST,False
321691,4,TRAIN,False
321696,4,TRAIN,True
3217,2,TRAIN,True
321700,4,TRAIN,False
321729,4,TRAIN,False
3218,1,VAL,True
3219,2,TEST,True
321939,4,TRAIN,False
321956,4,VAL,True
321968,1,TRAIN,False
321970,4,TRAIN,False
3220,1,TRAIN,True
322012,4,TEST,False
322036,4,TEST,False
3221,2,TRAIN,True
322103,4,VAL,False
322193,4,TRAIN,False
3222,2,TRAIN,True
3223,1,TRAIN,True
322335,4,TRAIN,True
322399,4,TEST,False
3224,1,TRAIN,True
322430,4,TRAIN,True
322431,4,TRAIN,False
322480,4,TRAIN,False
3225,1,TRAIN,True
322545,4,TEST,False
322561,4,TRAIN,False
322584,4,TEST,False
3226,1,VAL,True
322698,4,VAL,False
3227,1,TRAIN,True
3228,1,TRAIN,True
322824,4,TRAIN,True
3229,1,TRAIN,True
322901,4,TRAIN,False
3230,1,TRAIN,True
323005,4,TRAIN,False
323009,4,TRAIN,False
323060,4,TRAIN,True
3231,1,TEST,True
323197,4,TRAIN,True
3232,1,TRAIN,True
323281,4,TRAIN,False
3233,1,TRAIN,True
323312,4,TRAIN,True
323316,4,TRAIN,False
3234,1,TRAIN,True
323426,4,TRAIN,False
323445,4,TRAIN,False
323449,4,TRAIN,False
3235,2,TRAIN,True
323520,4,TRAIN,False
323533,4,TRAIN,True
323563,4,VAL,True
323576,4,TRAIN,False
3236,1,TRAIN,True
323648,4,TRAIN,False
3237,2,TRAIN,True
323732,4,VAL,False
323781,4,TRAIN,False
323889,4,TRAIN,False
324025,4,TEST,False
324039,4,TRAIN,False
324073,4,TEST,True
324085,1,TEST,False
324092,4,TRAIN,True
324149,4,TRAIN,False
324157,4,VAL,True
324164,4,TRAIN,False
324166,4,TEST,False
324276,4,VAL,False
324299,4,TRAIN,True
324317,4,TRAIN,False
324402,4,TRAIN,True
324445,4,TRAIN,True
324482,4,TRAIN,False
324491,4,TRAIN,False
324508,4,TRAIN,True
324529,4,TRAIN,True
324557,4,TRAIN,False
324639,4,VAL,True
324643,4,TRAIN,False
324834,4,TRAIN,False
324849,4,TEST,False
324851,4,TRAIN,False
324854,4,VAL,True
324862,1,TRAIN,True
324906,4,TEST,False
324912,4,TRAIN,False
324940,4,TRAIN,False
324980,4,TRAIN,False
324992,4,VAL,False
3250,3,VAL,True
325023,4,TRAIN,False
325026,4,TEST,False
325028,4,TRAIN,True
325042,4,TRAIN,False
325051,1,TRAIN,True
325075,4,TRAIN,True
3251,1,TRAIN,True
325198,2,VAL,True
3252,1,TEST,True
325234,4,TRAIN,True
325240,4,TRAIN,True
3253,1,TRAIN,True
325311,4,TEST,True
325340,1,TRAIN,False
325348,1,TRAIN,False
3254,1,VAL,True
3255,3,TRAIN,True
325558,4,TRAIN,True
325566,1,TRAIN,True
3256,3,TRAIN,True
325642,4,TRAIN,False
3257,2,TRAIN,True
325702,4,TEST,True
325714,4,TRAIN,True
325718,1,TRAIN,True
325723,2,TRAIN,False
325730,4,TEST,False
3258,2,TRAIN,False
325825,4,TRAIN,True
325844,4,TRAIN,False
3259,2,TRAIN,False
3260,2,VAL,True
3261,2,TEST,False
326131,4,TRAIN,False
326155,4,TRAIN,True
326167,4,TRAIN,False
3262,3,TRAIN,True
326240,4,TRAIN,True
326248,4,TEST,False
3263,1,TRAIN,True
326319,4,TRAIN,False
326386,4,TRAIN,False
3264,2,TRAIN,True
326414,4,TRAIN,True
326432,4,VAL,False
326437,4,TRAIN,False
326489,4,VAL,True
3265,1,TRAIN,True
3266,2,TRAIN,False
326642,4,VAL,True
3267,1,VAL,True
326710,4,TRAIN,False
326724,4,TRAIN,True
3268,1,TRAIN,True
326898,4,TRAIN,True
3269,1,TRAIN,True
326903,4,VAL,True
326984,4,TEST,False
3270,2,TEST,True
327096,4,TRAIN,False
3271,2,TRAIN,True
327105,4,TRAIN,False
327120,4,TRAIN,False
327193,4,TRAIN,False
3272,1,TEST,True
3273,2,TRAIN,False
327318,4,TRAIN,False
327368,4,VAL,False
3274,2,VAL,True
327401,4,TRAIN,False
327409,4,TRAIN,False
327420,4,TRAIN,False
3275,1,TRAIN,True
327530,4,TRAIN,True
327563,4,TEST,True
3276,2,TRAIN,True
327618,4,TRAIN,False
327628,4,TRAIN,False
327662,4,TRAIN,False
327673,4,TRAIN,False
327678,4,TEST,True
327685,4,VAL,False
3277,2,TRAIN,True
3278,1,TRAIN,True
327897,4,TRAIN,True
3279,1,TRAIN,True
327903,4,TRAIN,False
3280,1,TRAIN,True
3281,1,VAL,True
328101,4,TRAIN,True
328130,4,TRAIN,True
3282,1,TRAIN,True
3283,3,TEST,True
328395,4,TRAIN,False
3284,1,TRAIN,True
3285,1,TEST,True
328516,4,VAL,False
328535,4,TRAIN,False
328594,4,TRAIN,True
3286,2,TRAIN,False
328662,4,TRAIN,False
328694,4,VAL,True
328715,4,TRAIN,False
328728,4,TEST,True
3288,1,TRAIN,True
328881,4,TRAIN,False
328888,4,TRAIN,False
328896,4,TRAIN,False
3289,1,TRAIN,True
328901,4,TRAIN,False
328920,4,TRAIN,False
328930,4,TRAIN,False
328938,4,TRAIN,False
3290,1,TRAIN,True
329002,4,TEST,True
329006,4,TRAIN,False
329028,4,TRAIN,False
329056,4,TRAIN,False
329075,4,VAL,False
329112,4,TRAIN,False
329118,4,TRAIN,False
329144,4,TRAIN,False
329215,4,TRAIN,False
329221,4,TEST,False
329230,4,VAL,True
329252,4,TRAIN,False
329285,4,TEST,True
329289,1,TEST,True
329328,4,TEST,True
329373,4,TRAIN,False
329383,4,TRAIN,False
329413,4,TRAIN,False
329557,4,TRAIN,False
329596,4,TRAIN,False
329723,4,TEST,True
329744,4,TRAIN,True
329802,4,VAL,True
329824,4,TRAIN,False
329937,4,TRAIN,True
329970,4,TEST,False
3300,2,TRAIN,True
330037,4,TRAIN,True
3301,2,TRAIN,True
3302,2,TRAIN,False
330246,4,TRAIN,True
3303,1,TRAIN,False
330351,4,TRAIN,False
330374,4,TRAIN,True
3304,3,TRAIN,True
330431,4,VAL,False
3305,1,TRAIN,True
330532,4,TRAIN,True
3306,2,TRAIN,False
330668,4,TEST,False
330671,4,TRAIN,True
3307,1,TRAIN,True
330750,4,TRAIN,True
3308,1,TRAIN,True
330884,4,TRAIN,False
3309,1,TRAIN,True
3310,2,TRAIN,True
331028,4,TRAIN,False
3311,1,TRAIN,True
3312,1,TRAIN,True
331251,4,TRAIN,False
331289,4,TEST,False
3313,1,TRAIN,True
331359,4,VAL,False
331381,4,TRAIN,False
3314,1,TRAIN,True
331442,4,TRAIN,True
3315,3,TEST,True
3316,2,VAL,True
331642,4,TRAIN,False
3317,3,VAL,True
331730,2,TRAIN,True
331735,4,TRAIN,False
331787,4,TRAIN,True
3318,2,TRAIN,True
331821,4,TRAIN,False
3319,3,TRAIN,True
331968,4,TRAIN,False
3320,2,VAL,True
332005,4,TRAIN,True
3321,1,TEST,True
3322,1,TRAIN,True
332238,4,TRAIN,False
332256,4,VAL,False
3323,1,TRAIN,True
332309,4,VAL,False
332378,4,TRAIN,True
332381,4,TRAIN,False
3324,3,TRAIN,True
332483,4,TRAIN,False
332490,4,TRAIN,True
3325,1,TEST,True
332524,4,TRAIN,False
332571,4,TRAIN,False
332597,4,TRAIN,True
3326,3,TEST,True
3327,1,TRAIN,True
3328,1,TRAIN,True
332825,4,TRAIN,False
332834,4,TRAIN,False
3329,1,VAL,True
332988,4,TRAIN,False
3330,1,TRAIN,True
333059,4,TRAIN,False
3331,1,TRAIN,True
333166,4,TRAIN,True
3332,1,VAL,True
333222,4,TRAIN,False
333278,4,VAL,False
3333,1,VAL,True
333335,4,TRAIN,False
333336,4,VAL,False
333376,4,TRAIN,False
333451,4,TEST,True
333514,4,TRAIN,False
333602,4,TRAIN,False
333688,4,VAL,True
333689,4,TRAIN,False
333699,4,VAL,False
333703,4,TRAIN,True
333719,4,TRAIN,False
333751,4,TRAIN,True
333782,4,TEST,True
333845,4,VAL,False
333852,4,TRAIN,False
333870,4,TRAIN,False
333942,4,TRAIN,True
333945,4,TRAIN,True
334083,4,TRAIN,False
334104,4,VAL,False
334116,4,TRAIN,False
334151,4,TRAIN,False
334152,4,VAL,False
334164,4,TRAIN,False
334167,4,TRAIN,False
334388,4,TRAIN,False
334410,4,VAL,False
334659,4,TRAIN,True
334702,4,TEST,False
334724,4,TRAIN,False
334725,4,TRAIN,True
334737,4,TRAIN,False
334758,4,TRAIN,True
334765,4,VAL,True
334801,4,TRAIN,True
334830,4,TRAIN,True
334914,4,TEST,False
3350,2,TRAIN,True
335005,4,TRAIN,False
335027,4,TRAIN,True
335091,4,TRAIN,False
3351,2,TRAIN,True
335102,4,TRAIN,True
335130,4,TRAIN,False
335142,4,TRAIN,True
335170,4,TRAIN,True
335188,4,TRAIN,True
335195,2,TRAIN,True
3352,1,TEST,True
335230,4,VAL,False
3353,2,TRAIN,True
335358,4,TRAIN,False
3354,1,TRAIN,True
335473,4,TRAIN,False
3355,2,TRAIN,True
335558,4,TRAIN,True
3356,3,TEST,True
335694,4,TRAIN,False
335697,4,TRAIN,False
3357,2,TRAIN,True
335739,4,TRAIN,True
335757,4,TRAIN,False
335788,4,TRAIN,False
3358,2,TRAIN,True
3359,1,TRAIN,True
335908,4,TEST,False
3360,1,TEST,True
336006,4,TRAIN,False
3361,2,TRAIN,True
3362,2,TRAIN,True
336276,4,TRAIN,False
3363,2,TRAIN,True
336380,4,VAL,True
3364,1,TRAIN,True
3365,1,TEST,True
336543,4,VAL,False
336574,4,TRAIN,True
3366,1,VAL,True
336627,4,TEST,False
3367,1,TEST,True
336722,4,TRAIN,False
3368,2,TRAIN,True
3369,2,TEST,True
3370,2,TRAIN,True
337074,4,TRAIN,True
3371,1,TRAIN,True
3372,1,TRAIN,True
337277,4,TRAIN,False
337278,4,TRAIN,False
3373,1,TRAIN,True
337313,1,TRAIN,True
337347,4,TRAIN,False
3374,1,TRAIN,True
3375,1,TEST,True
337565,4,TRAIN,False
337573,4,TRAIN,False
337583,4,TRAIN,False
3376,1,TRAIN,True
337602,2,TRAIN,True
337637,4,TRAIN,False
3377,1,TRAIN,True
337781,4,TRAIN,False
3378,1,TEST,True
337806,4,TRAIN,False
337818,4,TRAIN,False
337844,4,TRAIN,False
337891,4,TRAIN,True
3379,3,TRAIN,True
337981,4,TEST,False
3380,1,TRAIN,True
3381,3,TRAIN,True
3382,1,TRAIN,False
338258,4,VAL,False
3383,1,VAL,True
338323,4,TRAIN,False
338331,4,TEST,False
3384,3,TEST,True
338421,4,TRAIN,False
338423,4,TRAIN,False
338456,4,TRAIN,False
3385,1,TRAIN,True
338502,4,TRAIN,False
338503,4,TRAIN,False
338531,4,VAL,True
338534,4,TRAIN,False
338560,4,TRAIN,False
338570,4,TRAIN,False
338571,4,TRAIN,False
3386,1,TRAIN,True
338665,4,TRAIN,False
3387,1,TRAIN,True
338763,4,TRAIN,True
3388,3,TRAIN,True
338801,4,TRAIN,True
3389,2,TRAIN,True
3390,2,TRAIN,True
3391,2,TRAIN,False
339117,4,TEST,False
3392,1,VAL,True
339225,4,TRAIN,True
339270,4,VAL,True
339293,4,TRAIN,False
339307,4,TRAIN,False
339336,4,TRAIN,False
339348,4,TRAIN,True
339349,4,TRAIN,False
339378,4,TEST,False
339455,4,TRAIN,True
339537,4,TRAIN,False
339610,4,TEST,True
339682,4,VAL,True
339734,4,TRAIN,False
339767,4,VAL,True
339885,4,TRAIN,False
3400,1,TRAIN,True
340004,1,TRAIN,True
340008,4,TEST,False
340012,4,TRAIN,False
3401,2,TRAIN,True
340163,4,TRAIN,False
340166,4,TRAIN,True
3402,3,TEST,True
3403,1,TRAIN,True
340336,4,VAL,True
340344,4,VAL,False
340358,4,TRAIN,False
3404,2,VAL,True
340452,4,TRAIN,False
340481,4,TRAIN,False
3405,2,VAL,True
340530,4,VAL,False
340533,4,VAL,True
3406,1,TRAIN,True
340632,4,TRAIN,False
340692,4,TRAIN,True
340698,4,TRAIN,False
340699,4,TRAIN,False
3407,1,TEST,True
340747,4,TRAIN,True
340757,4,TRAIN,False
340772,4,TRAIN,False
3408,3,TRAIN,True
340883,4,TRAIN,False
3409,1,TRAIN,True
340946,4,TRAIN,False
340980,4,TEST,False
3410,2,TRAIN,True
341064,4,TRAIN,False
3411,2,TEST,True
3412,2,TRAIN,False
341232,4,TRAIN,False
341248,4,TRAIN,True
3413,1,TRAIN,True
341394,4,TRAIN,False
341397,4,TRAIN,False
3414,2,TEST,True
341420,4,TRAIN,False
341423,4,VAL,False
341428,4,TRAIN,True
341435,4,TRAIN,False
3415,1,TRAIN,True
341539,4,TRAIN,False
341543,4,TEST,False
3416,1,TRAIN,True
3417,1,TRAIN,True
341713,4,TEST,True
3418,1,TEST,True
341875,4,TRAIN,False
3419,1,TRAIN,True
341981,4,TRAIN,False
3420,1,TRAIN,True
342018,4,TRAIN,False
342023,4,TRAIN,False
342038,4,TRAIN,True
342065,4,TRAIN,True
342068,4,TEST,True
342090,4,VAL,False
3421,1,VAL,True
342175,4,TRAIN,False
3422,1,VAL,True
342206,4,TRAIN,False
342214,4,TRAIN,True
342232,4,TRAIN,False
342265,4,TEST,False
3423,1,VAL,True
342373,4,TEST,False
342377,4,TRAIN,False
342380,2,TRAIN,True
342385,2,TRAIN,True
342394,4,TRAIN,True
3424,2,TRAIN,True
342467,4,TRAIN,True
3425,3,TRAIN,True
3426,3,VAL,True
342628,4,TRAIN,False
3427,2,TRAIN,False
342755,4,VAL,False
3428,2,TRAIN,True
342809,4,TRAIN,True
342862,4,VAL,True
342863,2,TRAIN,False
342879,4,TRAIN,False
3429,1,TRAIN,True
3430,1,TRAIN,True
3431,1,TRAIN,True
343160,1,TRAIN,True
343190,4,TRAIN,False
3432,1,TRAIN,True
343219,4,TRAIN,False
3433,1,TRAIN,True
3434,1,TEST,True
343405,4,TRAIN,False
3435,1,TRAIN,True
343594,4,TRAIN,False
3436,1,TRAIN,True
3437,3,TRAIN,True
343763,4,VAL,True
343770,4,TRAIN,False
343776,1,VAL,True
343798,4,TRAIN,True
3438,2,VAL,False
343818,4,TRAIN,False
343819,4,TRAIN,True
343853,4,TEST,False
343873,4,TRAIN,False
3439,1,VAL,True
343981,4,TEST,False
343992,4,TRAIN,False
3440,1,VAL,True
344008,4,TEST,True
344010,4,TRAIN,False
344022,4,TRAIN,True
344058,4,TRAIN,True
344082,4,TRAIN,True
344089,4,TRAIN,False
3441,3,TRAIN,True
344102,4,TRAIN,False
3442,1,TEST,True
344299,4,TRAIN,False
3443,1,TRAIN,True
3444,1,TRAIN,True
344418,4,TRAIN,True
3445,1,TRAIN,True
344577,4,TRAIN,True
3446,1,VAL,True
344666,4,TRAIN,True
344677,4,TRAIN,True
344678,4,TRAIN,True
344682,4,VAL,False
3447,1,TRAIN,True
344731,4,TRAIN,False
3448,1,TRAIN,True
344841,1,TRAIN,True
344862,4,TEST,False
344879,4,TRAIN,False
344900,4,TRAIN,False
344913,4,TRAIN,False
3450,2,TRAIN,True
345093,4,TRAIN,False
345095,4,TRAIN,True
3451,1,TRAIN,True
3452,2,TRAIN,True
345236,4,TEST,False
345242,4,VAL,True
3453,2,TRAIN,True
345354,4,TRAIN,False
345371,4,VAL,True
345388,4,TRAIN,False
3454,1,TRAIN,True
345410,4,TRAIN,True
3455,1,TRAIN,True
345595,4,TRAIN,False
345599,4,TRAIN,True
3456,3,TRAIN,True
345601,4,TRAIN,False
345602,4,VAL,False
345604,4,TRAIN,False
345617,4,TRAIN,True
345635,2,TRAIN,True
345659,4,TRAIN,False
3457,2,TEST,True
345766,4,TRAIN,False
345777,4,TRAIN,False
3458,2,TEST,True
345819,4,VAL,False
345898,4,TRAIN,True
3459,1,TRAIN,True
345902,4,VAL,False
345995,4,TRAIN,True
3460,2,TEST,True
346010,4,TEST,True
346072,4,TRAIN,True
3461,1,TRAIN,True
346119,4,TRAIN,True
346148,4,TRAIN,False
3462,1,TRAIN,True
346220,4,TRAIN,True
3463,1,TRAIN,False
346330,4,TRAIN,True
3464,2,TRAIN,True
346435,4,VAL,False
3465,3,TRAIN,True
346510,4,VAL,False
3466,2,TEST,True
346600,4,TRAIN,True
346685,4,TRAIN,False
3467,1,TEST,True
346786,4,TRAIN,False
3468,2,TRAIN,True
346808,4,VAL,False
346869,4,TRAIN,True
346887,4,TRAIN,False
3469,1,TEST,True
3470,1,TRAIN,True
347032,4,VAL,False
347040,4,TRAIN,True
347067,4,TRAIN,False
347069,4,VAL,False
3471,1,TRAIN,True
347121,4,TRAIN,False
347127,4,TRAIN,True
347128,4,TRAIN,False
347142,2,TEST,True
3472,1,TRAIN,True
347254,4,TRAIN,True
347278,4,TRAIN,False
347292,4,TRAIN,False
3473,1,TRAIN,True
347374,1,TRAIN,True
347384,2,TRAIN,False
3474,1,TRAIN,True
347440,4,TRAIN,True
3475,1,TRAIN,True
347550,4,TRAIN,False
3476,1,TRAIN,True
347600,4,TRAIN,False
347606,4,TRAIN,True
347641,2,TEST,False
3477,1,TEST,False
347701,4,TRAIN,True
347703,4,TEST,True
3478,2,TRAIN,True
347802,4,TRAIN,True
3479,2,TEST,True
347914,4,VAL,False
347932,4,VAL,True
3480,2,TRAIN,True
348006,4,TRAIN,False
348028,4,VAL,False
348061,4,TRAIN,False
3481,2,TRAIN,True
348127,4,TRAIN,True
3482,1,TRAIN,True
348243,4,TRAIN,False
348575,4,VAL,True
348608,4,TRAIN,False
348644,4,VAL,True
348760,4,TRAIN,False
348762,4,VAL,False
348778,4,TRAIN,False
348808,2,TRAIN,False
348906,4,VAL,True
348979,4,TRAIN,False
349314,4,TRAIN,True
349525,1,TRAIN,False
349594,4,TRAIN,True
349595,4,TRAIN,False
349624,4,TEST,True
349649,4,TRAIN,True
349667,4,TRAIN,False
349696,4,TRAIN,True
349772,4,TRAIN,True
349780,4,TRAIN,True
349799,4,TRAIN,True
349818,4,TRAIN,False
349845,4,TRAIN,True
349853,4,TEST,False
349932,4,TRAIN,False
349951,1,TRAIN,False
349988,4,TRAIN,False
3500,1,TRAIN,True
350037,4,TRAIN,False
3501,1,TRAIN,True
350165,4,TRAIN,True
3502,1,VAL,True
3503,2,TRAIN,True
3504,1,TRAIN,True
350487,4,TRAIN,True
350492,4,TEST,True
3505,1,TRAIN,True
350508,4,TRAIN,False
350591,4,TRAIN,True
3506,1,TRAIN,True
350667,4,TRAIN,True
350678,4,TRAIN,False
350679,4,TRAIN,True
350681,4,TRAIN,True
350696,4,TRAIN,True
3507,1,TRAIN,True
350720,4,TRAIN,True
3508,2,TRAIN,False
3509,1,VAL,True
350910,4,VAL,False
3510,1,TRAIN,True
3511,2,TRAIN,False
3512,3,TRAIN,True
351244,4,TRAIN,False
351272,4,VAL,False
3513,1,TRAIN,True
351348,4,TRAIN,True
351364,4,TRAIN,True
351375,4,TRAIN,False
3514,1,TRAIN,True
351471,4,TRAIN,False
3515,2,TRAIN,True
351528,4,TRAIN,False
3516,1,TRAIN,True
351622,4,VAL,True
3517,2,TRAIN,True
351715,4,TRAIN,False
351729,4,TRAIN,False
351739,4,TRAIN,False
3518,2,TRAIN,True
351849,4,TRAIN,False
3519,2,TEST,True
351917,4,TRAIN,False
351963,4,VAL,False
3520,3,TRAIN,True
352083,4,VAL,False
3521,2,TRAIN,True
352106,2,TRAIN,True
352107,4,TEST,True
352110,4,TRAIN,False
3522,1,TRAIN,True
352284,4,TRAIN,True
352290,4,TRAIN,True
3523,2,TRAIN,True
352301,4,TEST,False
352320,4,TEST,True
352329,4,TRAIN,False
352349,4,TRAIN,True
352357,4,TRAIN,True
352376,4,TRAIN,True
3524,2,TRAIN,False
352420,4,TRAIN,False
3525,2,TEST,True
352516,4,TRAIN,False
352518,4,TRAIN,False
352527,1,TEST,True
3526,2,TRAIN,True
3527,2,VAL,True
3528,1,TRAIN,True
3529,3,TRAIN,True
352923,4,TEST,True
3530,1,VAL,True
353005,4,TRAIN,False
353040,4,TRAIN,False
353077,4,TRAIN,True
353099,4,TRAIN,False
3531,1,TRAIN,False
353142,4,TRAIN,True
353171,4,TEST,True
3532,1,TRAIN,True
3533,1,TRAIN,True
3534,1,TEST,True
353496,4,TRAIN,True
3535,1,VAL,True
353541,4,TRAIN,False
353546,4,TRAIN,True
3536,1,TRAIN,True
3537,3,TEST,True
353777,4,TRAIN,True
3538,3,VAL,True
353800,4,TRAIN,False
3539,3,TRAIN,True
353964,4,TEST,False
3540,1,TRAIN,True
354070,4,TRAIN,False
354085,4,TRAIN,True
3541,2,TRAIN,True
354196,4,TRAIN,False
3542,1,TRAIN,True
3543,2,TRAIN,True
354300,4,TRAIN,False
3544,2,TRAIN,True
354444,4,TRAIN,True
354498,4,VAL,True
354540,4,TRAIN,False
354563,4,TRAIN,True
354567,4,TRAIN,False
354880,4,TEST,False
3550,3,TRAIN,True
355015,4,TRAIN,True
355023,4,TEST,True
355028,4,TRAIN,True
355038,4,TRAIN,False
355083,4,TRAIN,True
3551,2,TRAIN,True
3552,1,TRAIN,True
355279,4,TRAIN,False
3553,2,TRAIN,False
355377,4,TRAIN,True
3554,2,VAL,True
3555,2,VAL,True
355520,4,VAL,False
355551,4,TEST,False
3556,1,TRAIN,True
3557,1,VAL,True
3558,1,VAL,True
355883,4,TEST,False
3559,1,TRAIN,True
355958,4,TRAIN,True
3560,3,TRAIN,True
3561,1,TRAIN,True
3562,1,TRAIN,True
356292,4,TRAIN,False
3563,2,TEST,True
356354,4,TEST,False
356371,4,TRAIN,True
356372,4,TRAIN,False
3564,1,TEST,True
3565,2,VAL,True
356510,1,TRAIN,True
3566,3,TRAIN,True
356621,4,TRAIN,True
3567,1,TRAIN,True
356713,4,TRAIN,True
356794,4,TRAIN,False
3568,1,TRAIN,False
356887,2,TEST,True
3569,2,TRAIN,True
356931,4,TRAIN,True
3570,2,TRAIN,True
357059,4,TRAIN,False
3571,2,TRAIN,True
3572,2,VAL,True
357201,4,TRAIN,True
3573,3,TRAIN,True
357345,4,TEST,True
357362,4,TRAIN,True
3574,1,TRAIN,True
357446,4,VAL,False
3575,1,TRAIN,True
357554,4,TRAIN,True
3576,2,TEST,False
357602,4,TEST,True
357613,1,TRAIN,True
357679,4,TRAIN,False
3577,1,TEST,True
357700,4,TRAIN,True
357706,4,TRAIN,False
357723,4,TRAIN,True
357744,4,TRAIN,True
357758,4,TRAIN,True
357791,4,VAL,True
357798,4,TEST,True
3578,1,VAL,False
357882,4,TRAIN,True
3579,1,TEST,False
357928,4,TRAIN,True
3580,3,TRAIN,True
358094,4,TRAIN,True
3581,3,VAL,True
3582,3,TEST,True
3583,1,TRAIN,False
358381,4,TRAIN,True
358388,4,TRAIN,False
3584,1,TRAIN,True
358402,4,TRAIN,False
3585,1,TRAIN,True
358580,4,TRAIN,True
3586,1,VAL,True
3587,1,TRAIN,True
358722,4,TRAIN,False
358747,4,TRAIN,False
358788,4,VAL,True
3588,1,TRAIN,True
3589,1,TRAIN,True
3590,2,VAL,False
359081,4,TRAIN,True
3591,1,TRAIN,True
359106,4,TRAIN,False
359180,4,TRAIN,True
359189,4,TRAIN,False
3592,1,TRAIN,True
3593,1,TRAIN,True
359353,4,TEST,True
359359,4,TRAIN,False
359362,4,TRAIN,True
359378,4,TRAIN,False
359387,4,TRAIN,False
359465,2,TRAIN,True
359548,4,TRAIN,False
359681,4,TRAIN,False
359685,4,VAL,True
359738,4,TEST,True
359758,4,VAL,False
359803,4,TRAIN,False
359829,4,TRAIN,False
3600,2,TRAIN,True
360044,4,TRAIN,True
360064,4,TEST,False
3601,1,TRAIN,True
360144,4,TRAIN,False
360173,4,TRAIN,True
3602,2,TRAIN,False
360215,4,TRAIN,True
360296,4,TRAIN,True
3603,1,TRAIN,True
360301,4,TRAIN,True
360378,4,TRAIN,True
3604,1,TRAIN,True
3605,1,VAL,True
3606,1,TEST,True
360623,4,TRAIN,False
360662,4,TRAIN,True
360665,4,TRAIN,False
3607,1,TRAIN,True
360736,4,TRAIN,True
360744,4,TRAIN,True
3608,1,TRAIN,True
360867,4,TRAIN,False
3609,1,TRAIN,True
360948,4,TRAIN,False
3610,2,VAL,True
361089,4,TRAIN,True
3611,2,TRAIN,True
3612,1,TEST,True
361275,4,TRAIN,False
361296,4,TRAIN,False
3613,2,TRAIN,True
3614,2,TRAIN,True
3615,2,TEST,True
361576,4,VAL,False
361581,4,TRAIN,False
3616,1,TEST,True
3617,1,TRAIN,True
361728,4,TRAIN,False
361783,4,TRAIN,True
3618,1,TRAIN,True
361874,4,TRAIN,False
3619,2,TRAIN,True
361950,4,TRAIN,False
361989,4,VAL,False
3620,2,VAL,True
3621,1,TRAIN,True
362102,4,TRAIN,True
362141,4,TEST,True
3622,1,TRAIN,True
3623,1,TRAIN,True
362312,4,TRAIN,True
3624,2,VAL,True
3625,1,TRAIN,True
362571,4,TRAIN,True
3626,1,TRAIN,True
3627,2,TRAIN,True
362726,4,VAL,True
3628,1,TRAIN,True
3629,1,VAL,True
362918,4,TRAIN,False
3630,1,TRAIN,True
363043,4,TEST,False
3631,1,TRAIN,True
363149,4,VAL,False
363157,4,TEST,True
3632,1,TRAIN,True
363233,2,TRAIN,False
3633,1,TRAIN,True
363337,4,TRAIN,True
3634,1,TRAIN,True
363481,4,TRAIN,False
3635,2,VAL,True
3636,2,VAL,True
363664,4,TRAIN,False
3637,2,TRAIN,True
3638,1,TRAIN,True
3639,2,TEST,False
364088,4,VAL,True
364155,4,TEST,False
364222,4,VAL,False
364223,4,TRAIN,False
364244,2,VAL,True
364407,4,TRAIN,False
364414,2,TRAIN,False
364458,4,TRAIN,True
364796,4,TRAIN,False
364875,4,TRAIN,False
364985,4,TRAIN,False
3650,1,TRAIN,True
365085,4,VAL,True
365093,4,TEST,True
3651,2,TRAIN,True
365162,4,TRAIN,False
3652,1,TEST,True
365258,4,TRAIN,False
365280,4,TRAIN,False
3653,1,TRAIN,True
3654,1,TRAIN,True
3655,3,TRAIN,True
3656,2,TRAIN,True
3657,1,VAL,True
365779,4,TRAIN,True
3658,2,TRAIN,True
365856,4,TRAIN,True
3659,1,TRAIN,True
3660,1,TRAIN,True
366003,4,TRAIN,False
366007,4,TEST,True
366013,4,TRAIN,True
366017,4,TRAIN,False
366033,4,TRAIN,True
3661,1,TRAIN,True
366104,4,TRAIN,True
366145,4,VAL,False
3662,2,TRAIN,True
3663,1,TRAIN,True
366371,1,TRAIN,False
3664,1,TRAIN,True
3665,1,TRAIN,True
366529,4,TRAIN,True
3666,1,TRAIN,True
3667,1,TRAIN,False
366725,4,TRAIN,False
366792,4,VAL,False
366799,4,VAL,True
3668,2,TRAIN,True
366827,2,TEST,True
366854,4,TRAIN,True
366887,4,TEST,True
366893,4,TRAIN,True
366908,4,TRAIN,True
366998,4,VAL,True
367014,4,VAL,True
367105,4,TRAIN,True
367125,4,TRAIN,True
367253,4,TRAIN,True
367266,2,TRAIN,False
367320,4,TRAIN,False
367395,4,TRAIN,False
367396,4,VAL,False
367439,4,TRAIN,True
367458,4,VAL,True
367485,4,TRAIN,False
367550,4,TRAIN,False
367603,4,TRAIN,False
367606,4,VAL,False
367613,4,TRAIN,True
367662,4,TRAIN,True
367668,4,VAL,True
367784,4,TEST,False
367877,4,TRAIN,True
368061,4,TRAIN,True
368077,4,TRAIN,True
368468,4,VAL,False
368593,4,VAL,True
368695,4,VAL,True
368722,4,TRAIN,False
368746,4,TRAIN,True
368779,4,TRAIN,True
368849,4,TRAIN,False
369076,4,VAL,False
369192,4,TRAIN,True
369312,4,TEST,False
369343,4,TRAIN,False
369405,4,TRAIN,True
369510,4,TRAIN,True
369591,4,VAL,True
369670,2,TRAIN,False
369705,2,TRAIN,True
369788,4,TRAIN,True
3700,1,TEST,True
3701,1,TRAIN,True
3702,1,TRAIN,True
370299,4,TRAIN,True
3703,1,TRAIN,True
3704,1,TEST,True
370487,4,TRAIN,False
3705,1,TRAIN,True
370500,4,TRAIN,False
370558,4,TRAIN,False
370570,4,TRAIN,False
3706,1,TRAIN,True
3707,1,VAL,True
370720,4,VAL,True
370787,4,TEST,False
3708,1,TRAIN,True
370802,4,TRAIN,True
370887,4,TRAIN,False
3709,1,TRAIN,True
370929,4,TRAIN,False
370949,2,VAL,False
3710,1,TRAIN,True
371057,4,TRAIN,False
371071,1,TEST,False
371083,4,VAL,False
3711,1,TRAIN,True
371217,4,TEST,False
371518,4,VAL,True
371585,4,TEST,False
371607,1,TRAIN,True
371770,4,TRAIN,True
371942,4,TRAIN,False
372081,4,TRAIN,False
372353,1,TEST,True
372591,4,TRAIN,True
372779,4,TRAIN,False
372823,4,TRAIN,True
372840,4,TRAIN,True
372946,4,TRAIN,False
372960,4,TRAIN,True
372976,4,VAL,True
373200,4,TEST,False
373437,4,VAL,False
373516,4,TRAIN,True
373633,4,TRAIN,True
373717,4,TRAIN,True
373748,2,TEST,True
373831,4,VAL,True
373938,4,TEST,True
373975,4,TRAIN,True
374343,4,TRAIN,True
374551,4,TRAIN,False
374717,4,TEST,False
374743,4,TRAIN,False
3750,2,TEST,True
3751,3,TRAIN,True
3752,1,TRAIN,True
3753,1,TRAIN,True
3754,2,TRAIN,True
3755,3,TRAIN,True
375522,4,TRAIN,False
375576,4,TRAIN,True
3756,2,TRAIN,True
3757,1,TRAIN,True
375737,4,TRAIN,True
375750,4,TRAIN,False
3758,1,TRAIN,True
3759,2,TRAIN,True
3760,1,TRAIN,True
376022,4,TRAIN,False
3761,2,TRAIN,False
376132,4,TRAIN,True
3762,1,VAL,True
3763,1,TRAIN,True
376399,4,TRAIN,False
3764,1,TRAIN,True
3765,2,TRAIN,True
3766,1,TRAIN,True
376602,4,TRAIN,False
376610,4,TRAIN,True
3767,2,TRAIN,True
3768,2,TRAIN,True
3769,2,VAL,True
3770,1,TRAIN,True
377076,4,TRAIN,False
3771,1,TEST,True
3772,2,TRAIN,True
377234,4,TRAIN,False
3773,1,TRAIN,True
377344,4,TRAIN,True
377348,4,TRAIN,False
3774,1,TEST,True
377464,4,TEST,False
3775,1,VAL,True
377547,2,TRAIN,True
377567,4,TRAIN,False
3776,1,TRAIN,True
3777,1,VAL,True
377759,4,TRAIN,False
3778,1,TRAIN,True
377868,2,TRAIN,False
377877,4,TRAIN,True
377881,4,TRAIN,False
3779,2,TRAIN,True
377927,4,VAL,True
3780,1,TRAIN,True
378058,1,TRAIN,False
3781,1,TRAIN,True
3782,3,TRAIN,True
378247,4,TRAIN,False
3783,3,TRAIN,True
3784,3,TRAIN,True
3785,1,TRAIN,True
378540,4,TRAIN,False
3786,3,TRAIN,True
3787,1,TRAIN,True
3788,1,TRAIN,True
378834,4,TRAIN,False
3789,1,TEST,True
3790,3,VAL,True
3791,1,TRAIN,True
3792,1,TRAIN,True
3793,1,TRAIN,True
3794,2,TRAIN,True
3795,1,TRAIN,True
3796,2,TRAIN,True
379760,4,TEST,True
3800,1,TRAIN,True
3801,3,TRAIN,True
380139,4,TRAIN,True
3802,1,TRAIN,True
3803,2,TRAIN,True
3804,2,TRAIN,True
380450,4,TRAIN,True
3805,2,TRAIN,True
380588,4,TEST,True
3806,2,TRAIN,True
380656,4,VAL,True
380689,4,TRAIN,True
3807,2,TRAIN,True
380729,2,TRAIN,True
3808,1,TRAIN,True
380825,4,TRAIN,False
3809,2,VAL,True
3810,3,TRAIN,True
381010,4,TRAIN,False
381012,1,TEST,True
381016,4,TRAIN,False
381059,4,TRAIN,False
381062,2,TEST,False
3811,2,TRAIN,True
381136,4,TRAIN,True
381143,4,TRAIN,True
381185,2,TEST,False
3812,2,TRAIN,True
3813,2,TRAIN,True
381343,4,VAL,False
381361,4,TEST,False
3814,1,TRAIN,True
3815,1,TEST,True
381513,4,TRAIN,True
381515,4,TRAIN,True
3816,2,TRAIN,True
381658,4,TRAIN,False
3817,2,TRAIN,True
381745,4,TRAIN,True
3818,1,TRAIN,True
381826,4,TEST,True
381850,4,VAL,True
381864,4,TRAIN,False
3819,1,TRAIN,True
3820,3,VAL,True
3821,3,VAL,True
382119,4,TRAIN,False
382129,4,TEST,True
382180,4,TEST,True
3822,1,TRAIN,True
3823,1,TRAIN,True
382348,4,TEST,False
382357,4,VAL,False
382370,4,TEST,True
3824,1,TRAIN,True
3825,1,TRAIN,True
382544,4,TRAIN,True
382592,2,TRAIN,False
3826,1,TRAIN,True
382637,4,TEST,True
3827,1,TRAIN,True
3828,1,TRAIN,True
382824,4,TEST,True
382835,4,VAL,True
382836,4,VAL,True
382841,4,TRAIN,False
382845,4,TRAIN,False
3829,1,TRAIN,True
382924,4,TEST,True
382927,4,TRAIN,False
3830,1,TRAIN,True
3831,1,TRAIN,True
3832,1,TEST,True
383206,4,TRAIN,False
383233,1,TRAIN,True
3833,1,TRAIN,True
3834,1,TRAIN,True
3835,1,TRAIN,True
383507,4,TRAIN,True
383581,4,TRAIN,False
3836,3,TRAIN,True
383697,4,VAL,True
3837,1,TRAIN,True
3838,1,TRAIN,True
384061,4,TEST,True
384165,4,TRAIN,False
384193,4,TEST,True
384395,4,TRAIN,True
384460,4,TRAIN,False
384531,4,VAL,True
384630,4,TRAIN,True
384858,4,TRAIN,True
384863,4,TRAIN,True
384962,4,TRAIN,True
384967,4,VAL,False
384969,4,TEST,False
3850,2,VAL,True
385054,4,VAL,False
385093,4,TEST,False
3851,2,TRAIN,True
3852,2,TRAIN,True
385237,4,TRAIN,True
3853,2,TRAIN,True
385337,4,TEST,True
3854,2,VAL,True
385427,1,VAL,True
385479,4,VAL,True
3855,2,TRAIN,True
385555,1,TRAIN,True
3856,1,TRAIN,True
3857,2,TRAIN,True
385739,4,TRAIN,False
385767,4,TRAIN,True
3858,1,TRAIN,True
385803,4,TEST,True
385867,4,TRAIN,False
3859,2,TRAIN,True
385951,4,TEST,False
385961,4,TRAIN,False
3860,3,TEST,True
386075,4,TRAIN,True
386095,4,VAL,True
3861,3,TRAIN,True
3862,3,TRAIN,True
386279,4,TRAIN,True
3863,1,TRAIN,True
386348,4,VAL,True
386376,4,TEST,False
3864,3,TRAIN,True
386425,1,TRAIN,True
386466,4,TRAIN,True
386470,4,TRAIN,False
386476,4,TRAIN,False
386484,4,TRAIN,True
3865,3,TRAIN,True
386593,4,TRAIN,True
386595,4,VAL,True
3866,1,TEST,True
386604,4,TRAIN,False
386643,4,VAL,False
3867,1,VAL,True
386781,4,TRAIN,False
3868,1,TRAIN,True
386873,4,TRAIN,True
3869,1,TRAIN,True
386904,4,TRAIN,False
3870,1,TRAIN,True
387053,4,TRAIN,True
3871,3,TRAIN,True
387247,4,TRAIN,True
387332,4,TRAIN,True
387414,4,TRAIN,True
387637,4,TRAIN,False
387743,4,TRAIN,True
387792,4,TRAIN,True
387869,4,TRAIN,True
387965,4,VAL,True
387971,4,TRAIN,True
388010,4,TEST,False
388122,4,TEST,True
388351,4,TRAIN,True
388414,4,TRAIN,False
388646,4,VAL,False
388982,4,TRAIN,True
389086,4,TRAIN,True
389111,4,TRAIN,False
389378,4,TRAIN,True
389428,4,TRAIN,False
389440,4,TRAIN,False
389492,4,VAL,True
389732,4,TRAIN,True
389781,4,TRAIN,True
389845,4,TEST,True
3900,1,TRAIN,True
390050,4,VAL,True
3901,2,TRAIN,True
3902,3,TRAIN,True
390274,4,TEST,False
3903,1,TRAIN,True
390375,4,VAL,True
3904,1,TRAIN,True
390415,4,TRAIN,False
390461,4,VAL,True
3905,1,TEST,True
3906,1,TRAIN,True
390678,4,TEST,True
390698,4,TRAIN,True
3907,2,TRAIN,True
390785,4,TRAIN,True
3908,2,VAL,True
390867,4,TEST,True
3909,1,TRAIN,True
390967,4,TRAIN,True
3910,1,TRAIN,True
391086,4,TRAIN,True
391090,4,VAL,False
3911,1,TRAIN,True
391197,4,TRAIN,True
3912,1,VAL,False
391249,4,VAL,True
3913,2,TRAIN,False
3914,1,TEST,True
391478,4,TRAIN,True
3915,3,TRAIN,True
3916,1,TRAIN,True
3917,2,VAL,True
391740,4,VAL,True
391841,4,VAL,True
391945,4,TRAIN,False
391987,4,VAL,False
392075,4,TRAIN,True
392081,4,TRAIN,True
392659,4,TRAIN,False
392752,4,TRAIN,False
392912,4,TRAIN,True
392956,4,TRAIN,False
393016,4,TRAIN,True
393255,4,TEST,False
393352,4,TRAIN,False
393433,4,TRAIN,True
393618,4,VAL,False
393674,4,TRAIN,True
393727,4,TRAIN,False
393759,4,VAL,True
393804,4,TEST,True
393914,4,TRAIN,False
394356,4,TRAIN,True
394418,4,TEST,True
394513,4,TRAIN,False
394533,4,TRAIN,True
394553,4,TRAIN,False
394609,4,TRAIN,True
394619,4,TEST,False
394716,4,TRAIN,True
394760,4,TRAIN,True
394775,4,TRAIN,True
394793,4,TRAIN,True
394809,4,TEST,True
3950,2,VAL,True
3951,1,TRAIN,True
395154,4,TRAIN,True
3952,2,TRAIN,True
395282,2,TEST,True
3953,1,VAL,True
395307,4,VAL,False
395315,4,TRAIN,True
3954,1,TEST,True
395443,4,TEST,False
395456,4,TRAIN,True
3955,2,TRAIN,True
395574,4,VAL,True
395582,4,VAL,True
3956,3,TRAIN,True
395673,4,TRAIN,True
395675,4,TEST,False
3957,1,TEST,True
3958,1,TRAIN,True
3959,2,TRAIN,True
395991,4,TRAIN,True
3960,1,VAL,True
396051,4,TEST,True
396075,4,TRAIN,True
396084,4,TRAIN,True
3961,1,TEST,True
3962,1,TRAIN,True
396250,4,TEST,True
396260,4,TRAIN,True
396280,4,VAL,False
3963,1,TRAIN,True
396353,4,TRAIN,True
3964,1,TEST,True
396488,4,TRAIN,True
3965,2,TRAIN,True
3966,2,TRAIN,True
396670,4,TEST,False
3967,2,VAL,True
396721,4,TRAIN,False
3968,2,TEST,True
396833,4,TRAIN,True
396834,4,VAL,True
3969,2,TRAIN,True
3970,1,TRAIN,True
397051,4,TRAIN,False
3971,1,TRAIN,True
397115,4,TRAIN,True
3972,1,TRAIN,True
397249,4,VAL,False
397285,4,TRAIN,True
397338,4,TRAIN,False
397423,4,TRAIN,True
397433,4,TRAIN,False
397443,2,TRAIN,True
397482,4,TEST,True
397559,4,TRAIN,False
397707,4,TRAIN,False
397777,4,TRAIN,True
398107,4,TRAIN,False
398155,4,TRAIN,True
398222,1,TRAIN,True
398345,4,TEST,True
398371,4,TRAIN,True
398380,4,TRAIN,False
398407,4,TRAIN,False
398409,4,TRAIN,False
398514,4,TRAIN,True
398541,4,TRAIN,False
398571,2,TEST,True
398573,2,TEST,True
398593,4,TRAIN,False
398621,4,TRAIN,False
398624,4,TRAIN,False
398770,4,TRAIN,False
398781,4,VAL,False
398918,4,TRAIN,False
398922,4,TRAIN,False
398944,4,TRAIN,False
399132,4,TRAIN,True
399221,4,TRAIN,True
399273,4,TRAIN,True
399455,4,TRAIN,False
399546,4,VAL,True
399771,4,TRAIN,False
399844,4,TRAIN,True
4000,3,TRAIN,True
400004,4,TRAIN,True
400090,4,TRAIN,True
400094,4,TRAIN,True
4001,1,VAL,True
400105,4,TRAIN,True
400118,4,TRAIN,True
40012,1,TRAIN,True
400126,4,TRAIN,False
400142,4,TRAIN,True
4002,1,TRAIN,True
400225,4,TRAIN,True
400282,4,VAL,True
4003,1,TRAIN,True
400312,4,TRAIN,True
400315,4,TRAIN,False
400352,4,TRAIN,True
4004,2,TRAIN,True
400401,4,TRAIN,True
400442,4,TRAIN,False
400453,4,TRAIN,True
4005,1,TRAIN,True
4006,1,TRAIN,True
40067,4,VAL,True
400692,4,TRAIN,False
4007,2,TRAIN,False
400740,4,TRAIN,True
4008,2,TRAIN,False
400840,4,TRAIN,True
400874,4,TRAIN,True
4009,2,TRAIN,True
400937,4,TRAIN,False
4010,2,TRAIN,True
4011,1,VAL,True
401134,4,TRAIN,True
401175,4,TRAIN,False
4012,1,TRAIN,True
401201,4,VAL,True
401282,4,VAL,False
4013,1,TRAIN,True
401314,4,TRAIN,False
401332,4,TEST,True
4014,2,TRAIN,False
401442,4,VAL,True
4015,2,TRAIN,False
401540,4,TEST,True
4016,1,TRAIN,True
401604,4,TRAIN,True
401611,4,TRAIN,False
401617,4,TRAIN,False
40163,1,TEST,True
401633,4,TRAIN,False
4017,1,TRAIN,True
401763,4,TRAIN,True
401771,4,TRAIN,True
4018,2,TRAIN,True
401873,4,TRAIN,False
401891,4,TRAIN,False
4019,1,VAL,True
401907,4,TRAIN,False
4020,1,TEST,True
4021,1,TRAIN,True
402123,4,VAL,False
402124,4,TRAIN,False
402153,4,TRAIN,True
402176,4,TRAIN,True
4022,1,TRAIN,True
4023,3,TRAIN,True
402308,4,VAL,True
402314,1,TRAIN,True
402385,4,TEST,False
4024,1,TRAIN,True
4025,1,TRAIN,True
402504,4,TEST,True
4026,1,TRAIN,True
402600,4,TRAIN,True
4027,1,TRAIN,True
40273,1,VAL,True
4028,2,TEST,False
402847,4,TRAIN,True
4029,1,TRAIN,True
4030,1,TRAIN,True
403005,4,VAL,False
403098,4,TRAIN,True
4031,3,VAL,True
403172,4,TRAIN,False
4032,2,TRAIN,True
403222,4,TRAIN,False
403265,4,TEST,False
4033,1,TRAIN,True
40338,1,TEST,True
4034,1,TRAIN,True
4035,1,TRAIN,True
4036,3,TRAIN,True
40360,4,VAL,True
403651,4,TRAIN,True
40366,1,VAL,True
4037,1,TRAIN,True
403746,4,TRAIN,False
4038,1,VAL,True
403876,4,TRAIN,False
404119,4,TEST,True
404138,4,TRAIN,False
404140,4,VAL,False
404168,4,VAL,True
404201,4,TRAIN,False
404231,4,TRAIN,False
404243,4,TRAIN,False
404315,4,TRAIN,True
404345,4,TRAIN,True
404346,4,TRAIN,True
404408,4,TRAIN,False
404428,4,TEST,True
404460,4,TRAIN,False
40451,4,TRAIN,True
404525,4,TRAIN,True
404589,4,TRAIN,True
404731,4,TRAIN,True
404755,4,TRAIN,False
4050,3,TRAIN,True
405044,4,TRAIN,True
4051,1,TRAIN,True
405131,4,TRAIN,True
405163,4,TRAIN,False
405179,4,TRAIN,True
4052,1,TRAIN,True
40520,4,TRAIN,True
405267,4,TRAIN,True
4053,3,VAL,True
405305,4,TRAIN,True
40533,1,TRAIN,True
405334,4,TRAIN,False
40534,1,TRAIN,True
40538,1,TEST,True
40539,1,TRAIN,True
4054,1,TRAIN,True
40540,1,TEST,True
40541,1,TRAIN,True
40542,1,TRAIN,True
405423,4,TRAIN,False
40543,1,TRAIN,True
40544,1,VAL,True
405488,4,TRAIN,False
40549,1,TRAIN,True
405491,4,VAL,False
4055,1,TRAIN,True
40553,1,TRAIN,True
40555,1,TEST,True
40558,1,TRAIN,True
4056,1,TRAIN,True
40560,1,TRAIN,True
405609,4,TRAIN,False
40567,4,TRAIN,True
405678,4,TRAIN,False
40568,4,TRAIN,True
4057,1,TEST,True
405721,4,TEST,False
40574,4,TRAIN,True
405747,4,TEST,True
405766,4,TEST,False
40578,1,TRAIN,True
4058,1,TRAIN,True
40580,1,TRAIN,False
40585,1,TRAIN,True
40586,1,TRAIN,True
40587,4,TRAIN,True
405895,4,TRAIN,True
405897,4,TRAIN,True
4059,1,TRAIN,True
40590,4,TRAIN,True
40591,4,TRAIN,True
40592,1,TRAIN,True
405921,4,TRAIN,True
40593,4,TRAIN,True
40594,4,TRAIN,True
40595,1,TRAIN,True
40596,4,TEST,True
40597,4,TRAIN,False
405974,4,TRAIN,False
40599,1,TRAIN,True
4060,3,TRAIN,True
40600,4,TRAIN,True
40601,4,TRAIN,True
40602,4,TRAIN,True
40603,1,TRAIN,True
40604,4,TRAIN,True
40606,4,TRAIN,True
40607,1,TRAIN,True
40608,1,TRAIN,True
40609,4,TRAIN,True
4061,1,TRAIN,True
40610,4,TRAIN,True
40611,4,TRAIN,True
40613,4,TRAIN,True
40614,4,TRAIN,True
40616,1,VAL,True
40617,4,TRAIN,True
40618,4,TRAIN,True
40619,4,TRAIN,True
4062,1,TEST,True
40621,4,VAL,True
4063,2,TRAIN,False
4064,3,TRAIN,True
406404,4,TRAIN,False
406417,4,TRAIN,False
406452,2,VAL,True
4065,1,TRAIN,True
406597,4,TRAIN,False
4066,3,VAL,True
4067,2,TRAIN,True
40671,1,TRAIN,True
406752,4,TEST,False
4068,1,TEST,True
4069,1,VAL,True
40690,1,TRAIN,True
40691,1,VAL,True
40692,1,TRAIN,True
40693,1,TRAIN,True
40694,1,TRAIN,True
40695,1,TRAIN,False
4070,1,TRAIN,True
40702,1,TRAIN,True
40703,1,TEST,True
407033,4,TRAIN,True
40704,1,TRAIN,True
40707,1,TRAIN,True
407072,4,TEST,True
40708,1,TRAIN,False
407087,4,VAL,True
40709,1,TEST,True
4071,1,TRAIN,True
407118,4,TRAIN,True
40713,1,TRAIN,True
40714,1,TRAIN,True
407151,4,TRAIN,False
40716,1,TRAIN,False
4072,1,TRAIN,True
407230,1,TEST,True
40725,4,TRAIN,True
40726,4,TEST,True
40727,1,TRAIN,False
4073,1,TRAIN,True
40730,1,TRAIN,True
40731,1,TRAIN,True
40733,1,TRAIN,True
40735,1,TRAIN,True
40737,4,VAL,True
4074,1,TRAIN,True
40740,1,VAL,True
40744,1,TRAIN,True
40745,1,TRAIN,True
407456,4,TEST,True
4075,1,TRAIN,True
40750,1,VAL,True
40754,1,TEST,True
40755,1,TRAIN,True
40756,1,TEST,True
40757,1,TRAIN,True
407572,4,TRAIN,True
407574,4,TRAIN,True
40758,4,TRAIN,True
40759,4,TRAIN,True
4076,1,TRAIN,True
40760,1,TRAIN,True
40761,4,TRAIN,True
40763,1,VAL,True
40767,1,TEST,True
40769,1,TRAIN,True
4077,1,TEST,True
40771,1,TRAIN,True
40772,1,TRAIN,True
40773,4,TRAIN,True
40774,1,TRAIN,True
40775,1,TEST,True
40776,1,TRAIN,True
40777,1,TRAIN,True
40778,1,TRAIN,True
40779,1,TRAIN,True
4078,1,TRAIN,True
40781,1,TRAIN,True
40784,1,VAL,True
40789,1,TRAIN,True
4079,2,VAL,True
407950,4,TRAIN,False
407996,4,VAL,False
4080,1,TEST,True
40800,1,TRAIN,True
408012,4,TRAIN,False
408025,4,TRAIN,True
40803,4,TEST,True
408055,4,TRAIN,True
40806,1,TRAIN,True
408061,4,TEST,False
4081,1,VAL,True
408144,2,TEST,True
40816,1,TRAIN,True
408199,4,TEST,True
4082,1,VAL,True
408250,4,VAL,True
4083,1,TRAIN,True
408391,4,TRAIN,False
4084,3,TRAIN,True
408488,4,TEST,True
4085,2,TEST,True
4086,3,TEST,True
408632,4,TRAIN,False
408638,4,VAL,True
408683,4,TEST,True
408736,4,TRAIN,True
408737,4,TEST,True
40882,1,TRAIN,True
408874,1,TRAIN,True
408912,1,TRAIN,False
40893,1,VAL,True
408966,4,TRAIN,False
4090,2,TRAIN,True
409073,4,TRAIN,True
4091,1,TRAIN,True
40916,1,TEST,True
409189,4,TRAIN,False
4092,1,VAL,True
40922,4,TRAIN,True
409296,4,TRAIN,True
4093,1,TRAIN,True
4094,1,TRAIN,True
4095,2,TRAIN,True
4096,1,TRAIN,True
4097,1,TRAIN,True
4098,1,TRAIN,True
4099,1,TRAIN,True
409919,1,TRAIN,True
409928,4,TRAIN,True
4100,2,TRAIN,True
4101,1,VAL,True
410122,4,TEST,False
410135,4,TRAIN,False
410147,4,VAL,True
4102,1,TRAIN,True
4103,1,TRAIN,True
41039,1,TRAIN,True
4104,2,TRAIN,True
4105,2,TRAIN,True
410567,1,TEST,True
4106,1,TEST,True
410654,4,TRAIN,False
410657,4,TEST,True
4107,1,TEST,True
410735,4,VAL,False
4108,1,TRAIN,True
410859,4,TRAIN,False
4109,1,TRAIN,True
410901,4,TRAIN,False
410944,4,VAL,True
4110,1,TEST,True
4111,1,VAL,True
4112,1,TEST,True
4113,1,VAL,True
411324,4,TRAIN,True
411347,4,VAL,True
4114,1,TRAIN,True
411443,4,TRAIN,True
4115,1,TRAIN,True
4116,2,VAL,True
411613,4,TRAIN,True
411621,2,TRAIN,True
411631,4,TEST,True
411643,4,TEST,False
4117,1,TRAIN,True
41172,1,TRAIN,True
4118,2,TEST,True
41180,1,TRAIN,True
41184,1,TRAIN,True
411854,1,TRAIN,True
411972,4,TRAIN,False
4120,3,TRAIN,True
412042,4,TRAIN,False
412083,4,TRAIN,False
4121,1,TRAIN,True
4122,1,TRAIN,True
4123,1,TRAIN,True
412343,4,TRAIN,True
4124,1,TRAIN,True
41247,1,TRAIN,True
4125,1,TRAIN,True
4126,1,TRAIN,True
4127,3,TEST,True
412706,4,VAL,False
412767,4,TRAIN,True
412788,4,TRAIN,False
41280,1,TRAIN,True
41281,1,TRAIN,True
412817,4,VAL,False
41282,1,TEST,True
41283,4,TRAIN,True
41284,4,TEST,True
412845,4,TRAIN,True
41285,1,TRAIN,True
41286,4,TRAIN,True
41287,1,TRAIN,True
41288,1,TRAIN,True
41289,1,TRAIN,True
41290,4,TRAIN,True
41291,1,TEST,True
41292,4,TRAIN,True
41293,1,TRAIN,True
41294,1,TRAIN,True
41295,1,TRAIN,True
41296,4,VAL,True
41297,4,TRAIN,True
41298,1,VAL,False
41299,1,TRAIN,True
41301,4,TRAIN,False
41305,1,TEST,True
41307,4,TRAIN,True
41314,1,TRAIN,True
413367,4,TRAIN,False
413391,4,TEST,False
413401,4,TRAIN,True
41342,4,TRAIN,True
41343,4,TRAIN,True
4135,1,TRAIN,True
413509,4,TRAIN,False
413537,4,TRAIN,False
41356,1,TEST,True
41358,1,TRAIN,True
413596,4,TRAIN,True
4136,1,VAL,True
41364,4,TRAIN,True
413656,4,TRAIN,True
413657,4,TRAIN,True
4137,1,VAL,True
41375,1,TRAIN,True
413769,4,VAL,True
413793,4,VAL,False
4138,2,TEST,False
41380,1,TRAIN,True
41381,4,TEST,True
41382,1,TEST,True
41384,1,TRAIN,True
4139,2,TRAIN,True
41399,1,TRAIN,True
4140,2,TRAIN,False
41400,1,TRAIN,True
41401,1,TEST,True
41405,1,TRAIN,True
41410,1,TRAIN,True
41411,1,TRAIN,True
414110,4,TEST,True
41412,1,TRAIN,True
414137,4,TRAIN,False
414152,4,VAL,False
41420,1,TRAIN,True
414265,4,VAL,True
414267,4,TRAIN,False
41430,1,TRAIN,True
41432,1,TEST,True
41433,4,TRAIN,False
41437,1,TRAIN,True
41438,1,TEST,True
414416,4,TRAIN,True
414417,4,TRAIN,False
414602,4,TRAIN,True
414651,4,TRAIN,False
414694,4,VAL,True
41471,4,VAL,True
41473,4,TRAIN,True
41486,1,TRAIN,True
41488,1,VAL,True
414957,4,TEST,True
415072,4,TRAIN,True
41508,1,TRAIN,True
41513,4,VAL,True
41519,1,TRAIN,True
41521,1,TRAIN,True
41522,1,TRAIN,True
41523,4,TEST,True
41526,4,TRAIN,True
41528,4,VAL,False
41529,4,TRAIN,True
415385,4,VAL,True
415538,4,VAL,True
41560,4,TRAIN,True
41562,4,TRAIN,True
41568,1,TRAIN,True
41578,1,TEST,True
415849,4,TEST,True
415951,4,TRAIN,False
41614,1,TRAIN,True
416174,4,TEST,False
416265,4,TRAIN,True
416333,4,TRAIN,True
416472,1,TRAIN,False
416552,4,TRAIN,False
41664,1,VAL,True
416672,4,TEST,False
416846,4,TRAIN,True
416873,4,VAL,False
417258,4,TRAIN,True
41749,1,TRAIN,True
41767,1,TRAIN,True
417808,4,TRAIN,False
417885,4,TRAIN,True
417897,4,VAL,False
417994,4,TRAIN,False
41801,1,TRAIN,True
418144,4,TRAIN,False
418166,4,TEST,False
41829,1,VAL,True
418293,4,TRAIN,True
41854,1,VAL,True
418608,4,TRAIN,True
418617,4,TRAIN,False
418662,4,TRAIN,True
418765,2,TEST,True
418774,4,TEST,True
418795,4,TRAIN,False
41886,1,VAL,True
418943,4,TEST,True
41905,1,TRAIN,False
419163,4,TEST,False
419230,4,TRAIN,True
419314,4,VAL,True
419487,4,TRAIN,True
419508,4,TRAIN,True
41967,1,TRAIN,True
419698,4,TRAIN,True
41984,4,TRAIN,True
41985,1,TRAIN,True
41989,1,TRAIN,True
41990,4,VAL,True
41992,4,TRAIN,True
41993,4,TRAIN,True
419934,4,TRAIN,True
419988,4,TRAIN,False
42000,4,TRAIN,True
42001,4,VAL,True
42006,4,TRAIN,True
42008,4,VAL,True
42009,1,VAL,True
42011,4,TEST,True
420111,4,TRAIN,True
42012,4,TRAIN,True
42014,1,TRAIN,True
42024,4,TEST,True
420262,4,TRAIN,False
420267,4,TEST,True
420293,4,TRAIN,True
42033,1,VAL,True
42034,1,TRAIN,True
42035,1,TRAIN,True
420664,4,TEST,False
42072,4,TRAIN,True
42079,1,TRAIN,True
420887,4,VAL,False
420918,4,TRAIN,False
420967,4,TEST,False
42121,4,TRAIN,True
42123,4,VAL,True
421258,4,VAL,True
42126,4,TEST,True
421273,4,VAL,True
421279,4,TRAIN,False
42128,4,TEST,True
421282,4,TRAIN,False
421309,4,TRAIN,True
42133,4,VAL,True
42134,4,VAL,True
42146,4,TRAIN,True
421461,1,TRAIN,True
421462,4,TRAIN,False
421499,4,TEST,True
421506,4,TRAIN,True
42158,4,TRAIN,True
42161,4,TRAIN,True
42164,1,VAL,True
42168,4,VAL,True
42171,1,VAL,True
42172,1,TRAIN,True
421765,4,TRAIN,True
421851,4,TRAIN,True
421855,4,TRAIN,False
422060,4,TRAIN,True
422114,4,TEST,True
422140,4,TEST,True
422358,4,VAL,True
422367,4,VAL,True
42240,4,TRAIN,True
422456,4,TRAIN,False
42263,4,TRAIN,True
42264,1,VAL,True
42269,1,VAL,True
42272,4,TRAIN,True
422724,4,TRAIN,False
422727,4,TRAIN,False
422796,4,TRAIN,False
422906,4,VAL,True
422918,4,TRAIN,True
422921,4,TEST,True
42293,1,VAL,True
42306,4,TRAIN,True
42308,1,VAL,True
423318,4,TRAIN,True
423325,1,TRAIN,True
423349,1,VAL,False
423380,1,TRAIN,True
423382,4,TRAIN,False
42346,1,TEST,True
42347,1,TRAIN,True
423499,4,TRAIN,False
42351,1,TRAIN,True
423535,1,TEST,True
42357,1,TEST,True
423640,1,TRAIN,False
42378,1,VAL,True
42379,1,TRAIN,True
42381,4,TRAIN,True
423937,4,TEST,False
42396,1,TRAIN,True
423969,4,TRAIN,False
424047,4,TRAIN,True
42407,1,TRAIN,True
42411,1,TRAIN,True
42412,1,TRAIN,True
42413,1,TRAIN,True
42415,1,TRAIN,True
42418,1,TRAIN,True
42422,4,TRAIN,True
42426,4,VAL,True
42429,1,TRAIN,True
42438,1,TRAIN,True
42443,4,VAL,True
42444,4,TEST,True
42445,4,TRAIN,True
42446,4,TRAIN,True
42447,1,TRAIN,True
424472,4,TRAIN,False
42448,1,VAL,True
42450,4,TRAIN,True
42451,1,TRAIN,True
42452,1,TRAIN,True
42453,1,TRAIN,True
42454,1,TRAIN,True
42455,1,TRAIN,True
42456,1,TEST,True
42457,4,TRAIN,True
424787,4,TRAIN,True
425058,4,TRAIN,False
425132,4,TRAIN,True
425196,4,TRAIN,False
425361,4,TEST,True
425393,4,TRAIN,True
425401,1,TRAIN,True
425631,4,TEST,True
425636,4,TRAIN,False
425638,4,TRAIN,False
425673,2,VAL,True
425695,4,TEST,True
425806,4,TRAIN,True
425858,4,TRAIN,True
425957,4,TRAIN,True
425998,4,TRAIN,True
426094,4,VAL,True
426114,4,VAL,False
426243,4,TRAIN,False
426499,4,TRAIN,True
426796,4,TEST,False
426952,4,TRAIN,True
427037,4,VAL,True
427050,1,TRAIN,True
427092,4,TRAIN,False
42710,1,TRAIN,True
427195,4,TEST,True
427212,4,TRAIN,True
42724,1,VAL,True
427368,4,TRAIN,True
427422,4,TRAIN,True
427444,4,TRAIN,True
427497,4,TRAIN,True
427607,4,VAL,False
427734,4,TRAIN,False
427802,4,TRAIN,False
427896,4,TEST,True
427929,4,TEST,False
428139,4,VAL,False
428213,4,TEST,True
428231,2,TRAIN,True
428261,4,TRAIN,True
428281,4,TRAIN,False
428437,4,TEST,True
428521,1,TRAIN,True
428536,4,TRAIN,False
42860,4,TRAIN,True
42868,4,TRAIN,True
42888,1,VAL,True
429019,4,VAL,True
42904,4,VAL,True
429096,4,TRAIN,False
429128,4,TRAIN,True
429206,4,VAL,False
429288,4,TRAIN,True
429297,1,TRAIN,True
429490,4,TRAIN,False
429507,4,TRAIN,False
429508,4,TEST,True
429656,4,TEST,True
429715,4,TRAIN,False
429810,4,TRAIN,False
429826,4,TRAIN,True
429827,4,TRAIN,True
429868,4,TRAIN,True
429869,2,TRAIN,False
429884,4,TRAIN,True
429967,4,TRAIN,False
430068,4,TRAIN,False
430123,4,VAL,False
430172,4,TRAIN,True
430241,4,TRAIN,False
430271,4,TRAIN,True
430365,4,TRAIN,True
43045,1,VAL,True
43046,1,TRAIN,True
43047,1,TEST,True
430675,4,TEST,False
43080,4,TRAIN,True
43081,1,TRAIN,True
430814,4,TRAIN,False
43082,1,TEST,True
43083,1,TEST,True
43085,4,TRAIN,True
43086,1,TRAIN,True
430922,4,TRAIN,True
430970,4,TRAIN,True
430991,4,TRAIN,False
431151,4,TRAIN,True
431166,1,VAL,True
431210,1,TRAIN,True
431226,4,TRAIN,True
431490,1,TRAIN,True
431500,4,TEST,True
431536,1,TRAIN,True
431545,4,TRAIN,True
431633,4,VAL,False
431646,4,TRAIN,True
431651,4,TRAIN,True
431767,4,TRAIN,False
431900,4,TRAIN,False
431916,4,TRAIN,True
432055,4,TEST,True
432060,4,TRAIN,True
432171,4,TEST,False
432416,1,TRAIN,True
432528,4,TRAIN,False
432595,4,VAL,False
432635,4,TRAIN,True
432809,4,TRAIN,True
433040,4,TEST,False
433097,4,TRAIN,True
433261,4,TRAIN,True
433274,4,TRAIN,True
433516,4,TEST,False
433865,4,TEST,True
433872,4,VAL,False
433895,4,VAL,True
434005,4,TRAIN,True
434025,4,VAL,False
434070,1,TRAIN,True
434316,4,VAL,False
434373,4,TRAIN,False
434772,4,TRAIN,False
434985,4,TRAIN,False
434999,4,TRAIN,False
435225,4,TRAIN,False
435334,4,VAL,False
435434,4,TRAIN,True
435485,1,TRAIN,True
435496,4,TEST,False
435578,4,TRAIN,True
435601,4,TRAIN,True
435617,4,TRAIN,True
435735,1,TRAIN,True
435928,4,TEST,False
436020,4,TRAIN,False
436239,4,TEST,True
436253,4,TRAIN,True
436438,4,TRAIN,False
436651,4,TRAIN,True
436807,4,TRAIN,True
436880,4,TRAIN,False
437105,1,TEST,True
437818,4,TEST,True
437981,4,VAL,True
438516,1,TRAIN,True
438743,4,VAL,True
439130,4,TEST,False
439334,4,TRAIN,False
439349,4,TRAIN,True
439353,4,TRAIN,False
439448,1,TEST,True
439655,4,TRAIN,False
439707,4,TRAIN,True
439722,4,TRAIN,True
439754,4,VAL,False
439763,4,TRAIN,True
439888,4,TRAIN,False
439944,4,TRAIN,True
440254,4,TRAIN,False
440299,4,TRAIN,False
440512,1,TRAIN,False
440527,4,TEST,False
440574,4,TEST,False
440895,1,TEST,True
441041,4,TRAIN,True
441084,4,VAL,False
441207,4,TRAIN,False
441280,4,TRAIN,False
441299,4,TRAIN,True
441317,4,VAL,True
441421,4,TRAIN,False
441548,4,VAL,False
441765,4,VAL,True
441838,4,TRAIN,True
442403,4,TRAIN,False
442549,4,VAL,False
443025,4,TRAIN,False
443055,4,TRAIN,True
443324,4,TRAIN,False
443380,1,TRAIN,True
443557,4,TRAIN,False
443569,4,TRAIN,True
443611,4,VAL,True
443797,4,VAL,False
443882,1,VAL,False
443896,4,TRAIN,True
444169,4,TRAIN,True
444383,4,TEST,True
444397,4,TRAIN,False
444452,4,TRAIN,True
444528,1,TRAIN,True
444569,4,TRAIN,True
444704,4,TRAIN,False
444736,4,TRAIN,True
444896,4,TEST,True
444988,4,TRAIN,True
445047,1,TRAIN,True
445202,4,TEST,False
445250,4,TEST,True
445263,4,TRAIN,True
445334,1,TRAIN,True
445395,4,TRAIN,False
445474,4,VAL,True
445511,4,TRAIN,False
445630,1,TRAIN,True
445643,4,TRAIN,False
445900,4,TRAIN,True
445915,4,TRAIN,False
446069,4,TRAIN,True
446151,1,TRAIN,False
446160,1,TRAIN,True
446190,4,VAL,False
446250,4,VAL,False
446271,1,TRAIN,True
446477,4,VAL,True
446672,4,TRAIN,True
446702,4,TRAIN,True
446733,1,VAL,True
446806,4,TRAIN,True
446818,4,TRAIN,True
446916,4,VAL,True
446945,1,TRAIN,True
447228,4,TRAIN,False
447233,4,TRAIN,True
447251,4,VAL,False
447318,1,TRAIN,True
447416,4,TRAIN,True
447483,4,TRAIN,False
447557,1,TRAIN,True
447619,4,TRAIN,True
447756,4,TEST,True
447804,4,TRAIN,True
447850,4,TRAIN,True
447936,4,TEST,False
448126,1,TEST,False
448150,4,TRAIN,False
448278,4,TRAIN,False
448317,4,TRAIN,False
448495,4,TRAIN,True
448778,1,TRAIN,True
448890,1,TRAIN,True
449002,4,TEST,False
449181,4,TRAIN,True
449260,4,TRAIN,False
449344,4,VAL,False
449348,4,TRAIN,False
449409,4,TRAIN,True
449584,4,TRAIN,False
449986,4,TRAIN,False
450223,4,TRAIN,False
450345,4,TRAIN,False
450524,4,TRAIN,True
450572,1,TRAIN,True
450644,1,TRAIN,True
450691,4,TRAIN,True
451019,4,TEST,False
451108,4,VAL,False
451226,2,TRAIN,False
451230,2,VAL,False
451348,4,TEST,True
451587,4,TRAIN,True
451639,4,VAL,False
451656,1,TRAIN,True
451702,1,TRAIN,True
451709,4,TRAIN,True
451744,4,TRAIN,False
451771,4,TRAIN,False
452352,4,TRAIN,False
452360,4,TRAIN,False
452429,4,TRAIN,True
452611,1,TRAIN,True
452612,1,TEST,True
452672,4,VAL,True
452682,1,TRAIN,True
452695,4,TRAIN,True
452789,4,TRAIN,False
453109,4,TRAIN,False
453169,1,TRAIN,True
453176,4,TRAIN,True
453248,4,TRAIN,False
453461,1,TRAIN,True
453503,4,TRAIN,True
453844,4,TRAIN,True
453933,4,TRAIN,False
454092,4,VAL,True
454565,4,TRAIN,False
454698,4,VAL,False
454737,4,TRAIN,False
454751,4,TRAIN,False
454757,4,TRAIN,False
455002,1,TEST,True
455175,4,VAL,True
455217,1,TEST,True
455275,4,TRAIN,False
455562,4,TRAIN,True
455825,4,VAL,False
456238,4,TRAIN,True
456466,1,TRAIN,True
456606,4,TRAIN,False
456904,4,TRAIN,True
456932,4,TRAIN,True
457048,1,TRAIN,True
457139,1,TRAIN,True
457320,1,TRAIN,True
457336,1,TRAIN,True
457352,1,VAL,True
457377,4,VAL,False
457392,4,TRAIN,False
457427,1,TRAIN,True
457578,4,TEST,True
457580,1,TRAIN,False
457680,4,TRAIN,False
457688,1,TRAIN,True
457728,1,TEST,False
457798,1,TRAIN,True
457827,1,TEST,True
457917,1,VAL,True
458082,1,TRAIN,True
458197,1,TRAIN,True
458303,4,TRAIN,True
458329,1,TEST,True
458504,1,TRAIN,True
458620,4,TRAIN,True
458704,1,TRAIN,False
458834,1,TRAIN,True
458864,4,TRAIN,True
458869,4,VAL,False
458889,1,TRAIN,True
458900,1,TRAIN,False
458914,1,TRAIN,True
458987,1,TRAIN,True
459005,1,TRAIN,True
459032,1,TRAIN,True
459110,1,TRAIN,False
459214,1,TRAIN,True
459217,1,TRAIN,True
459265,1,TRAIN,False
459285,4,TRAIN,False
459293,1,TRAIN,True
459379,1,TRAIN,True
459435,1,TRAIN,True
459450,4,TRAIN,False
459502,1,TEST,True
459523,1,VAL,True
459569,1,TEST,True
459573,1,VAL,True
459653,4,TRAIN,False
459744,1,TRAIN,False
459815,4,TRAIN,True
460040,4,TRAIN,False
460090,4,VAL,True
460321,4,TRAIN,True
460479,1,TRAIN,True
460480,4,TRAIN,False
460580,1,TRAIN,True
460601,4,TRAIN,True
460945,1,TRAIN,True
461016,4,TRAIN,False
461059,4,TEST,True
461191,4,TRAIN,False
461319,4,TEST,False
461330,1,VAL,True
461392,4,TRAIN,True
461402,4,TRAIN,False
461486,4,TEST,False
461560,4,VAL,False
461670,4,TRAIN,False
461866,4,VAL,False
462084,4,TRAIN,True
462181,4,TRAIN,False
462187,4,TRAIN,False
462262,4,TRAIN,True
462310,1,TEST,True
462342,4,TRAIN,True
462718,4,TRAIN,True
462932,4,TRAIN,False
463181,4,TRAIN,False
463189,4,VAL,True
463312,4,TEST,True
463729,1,TRAIN,False
463817,4,TRAIN,False
463863,4,TEST,False
463916,4,TRAIN,True
464174,4,TRAIN,True
464209,4,TRAIN,False
464445,4,TRAIN,False
464522,4,TRAIN,True
464544,1,TEST,True
464610,4,TRAIN,False
464690,4,TRAIN,True
465000,4,VAL,True
465427,4,TEST,False
465568,4,TRAIN,True
465624,4,TRAIN,True
465652,4,TRAIN,True
465698,4,TRAIN,False
465907,4,TEST,True
465963,1,TRAIN,True
466026,1,TRAIN,True
466038,1,TRAIN,True
466157,1,TRAIN,True
466207,4,TRAIN,True
466475,1,TEST,True
466654,4,TRAIN,False
466838,4,TRAIN,False
466904,4,TRAIN,False
466936,4,TRAIN,True
466970,4,TRAIN,True
467192,4,TRAIN,False
467477,4,TRAIN,True
467709,4,TRAIN,True
467893,1,TRAIN,True
467976,1,TRAIN,True
468106,1,TEST,True
468158,1,VAL,True
468191,1,TRAIN,True
468352,1,TEST,False
468354,1,TRAIN,True
468410,1,TRAIN,False
468442,4,TRAIN,False
468919,1,TRAIN,True
469024,1,TRAIN,True
469074,1,TRAIN,True
469092,4,TRAIN,True
469150,1,VAL,True
469209,4,VAL,False
469431,4,VAL,False
469809,4,TRAIN,True
469834,4,TRAIN,False
470150,1,VAL,True
470199,4,VAL,True
470247,1,VAL,False
470298,4,TRAIN,True
470312,1,TRAIN,True
470318,4,TRAIN,False
470679,4,TRAIN,False
470701,1,TRAIN,True
470956,4,TRAIN,False
471042,4,TRAIN,False
471053,4,TRAIN,True
471315,4,TRAIN,True
471319,4,VAL,False
471367,1,TRAIN,True
471570,4,TEST,False
471589,4,TRAIN,True
471651,4,VAL,True
471652,4,TRAIN,True
471658,4,TRAIN,True
471714,1,TRAIN,False
471800,4,TRAIN,False
472049,4,TRAIN,False
472163,4,TRAIN,False
472383,4,VAL,True
473091,4,TRAIN,False
473287,1,TRAIN,True
473517,4,TRAIN,False
473951,4,TRAIN,False
473961,1,VAL,False
474170,4,TRAIN,False
474435,4,TRAIN,False
474441,4,TRAIN,False
474475,4,TRAIN,False
474478,4,TRAIN,False
474568,4,TRAIN,False
474576,4,TRAIN,False
474721,4,TRAIN,False
474789,4,TRAIN,True
475408,1,TRAIN,True
475437,4,TRAIN,False
475688,1,VAL,True
475756,4,TRAIN,False
476087,4,TEST,False
476094,4,TEST,True
476175,4,TRAIN,False
476236,1,TRAIN,True
476550,4,TEST,False
476686,4,VAL,True
476764,4,TRAIN,False
477005,4,TRAIN,False
477027,4,TEST,False
477140,4,TRAIN,True
477241,1,TRAIN,False
477252,1,TRAIN,True
477376,1,TEST,False
477386,1,VAL,True
477390,1,TRAIN,True
477463,1,TRAIN,True
477494,1,TRAIN,True
477496,4,TRAIN,True
477550,1,VAL,True
477586,1,TRAIN,True
477747,4,TRAIN,False
477838,4,TRAIN,False
477884,1,VAL,True
477889,1,TRAIN,True
477980,4,TEST,True
478219,4,TRAIN,False
478260,4,TEST,False
478438,4,TRAIN,False
478586,4,TRAIN,True
479912,4,TRAIN,False
480013,4,TRAIN,False
480171,4,TRAIN,False
480299,1,TRAIN,True
480403,4,TRAIN,False
480789,4,TRAIN,False
481082,4,TRAIN,False
481127,4,TEST,True
481211,4,VAL,False
481337,4,TRAIN,True
481467,4,TRAIN,False
481756,4,TRAIN,True
481853,1,TRAIN,True
481861,4,TRAIN,False
481907,4,VAL,True
481946,4,TRAIN,False
481962,4,TRAIN,False
481974,4,TRAIN,True
481999,1,TRAIN,False
482310,4,VAL,True
482543,4,TEST,True
482655,4,VAL,False
482864,4,TRAIN,True
483182,4,TRAIN,False
483512,4,TRAIN,True
483521,4,TRAIN,True
483532,4,TRAIN,False
483589,4,TRAIN,False
483596,4,TRAIN,True
483608,4,TRAIN,False
483646,4,TRAIN,False
483650,4,TRAIN,False
483651,4,TRAIN,False
483662,4,TRAIN,False
483681,4,TRAIN,True
483682,4,TRAIN,False
483687,4,TRAIN,False
483688,4,TRAIN,True
483699,4,TRAIN,False
483715,4,VAL,False
483717,4,VAL,False
483729,4,TEST,False
483739,4,TRAIN,True
483745,4,TRAIN,True
483754,4,TRAIN,False
483759,4,VAL,True
483767,4,TRAIN,True
483820,4,TEST,True
483824,4,TEST,False
483842,4,TRAIN,True
483846,4,TRAIN,False
483883,4,TRAIN,True
483928,4,TRAIN,False
483963,4,VAL,True
483966,4,TRAIN,False
483996,4,TRAIN,False
484091,4,TRAIN,True
484137,4,TEST,True
484141,4,TRAIN,False
484144,4,VAL,True
484168,4,TEST,False
484176,4,TRAIN,True
484178,4,TRAIN,False
484188,4,TRAIN,False
484302,4,TRAIN,False
484312,4,TRAIN,True
484384,4,TRAIN,True
484804,4,VAL,False
484822,4,TEST,True
484951,4,TRAIN,False
484964,4,TEST,False
485002,4,VAL,False
485033,4,TRAIN,True
485071,4,TEST,False
485074,4,TRAIN,False
485548,4,VAL,False
485621,4,TEST,False
485658,4,TRAIN,False
485726,4,TEST,False
485883,4,TRAIN,False
486311,4,TRAIN,False
486387,1,VAL,False
486820,4,TRAIN,False
486880,4,TRAIN,True
487231,4,TRAIN,False
487253,1,TRAIN,True
487858,4,TRAIN,True
487877,4,TRAIN,True
488050,4,TRAIN,True
488203,1,TRAIN,True
488413,4,TRAIN,True
488483,4,VAL,True
488611,4,TRAIN,True
488614,4,TRAIN,True
488626,4,VAL,True
488630,4,TRAIN,True
488638,4,TRAIN,False
488687,4,TRAIN,False
488704,4,VAL,True
488815,1,TRAIN,False
489000,4,TRAIN,False
489132,4,TRAIN,False
489148,4,TRAIN,False
489279,4,TRAIN,False
489299,4,TRAIN,False
489340,4,TEST,False
489518,4,VAL,True
489609,1,TRAIN,True
489623,4,TRAIN,False
489770,4,TRAIN,True
489990,4,TRAIN,False
489993,4,TEST,True
490025,4,TRAIN,False
490034,1,VAL,True
490040,1,TEST,True
490816,4,TRAIN,False
491249,4,VAL,False
491321,4,TEST,False
491331,4,TRAIN,False
491366,4,TRAIN,False
491510,1,TRAIN,True
491894,1,TRAIN,False
492009,4,VAL,True
492391,4,TRAIN,True
492470,4,TRAIN,False
492500,4,TRAIN,False
492583,4,TRAIN,True
492715,4,VAL,False
492732,4,TRAIN,False
492847,4,VAL,True
492876,1,TRAIN,True
492883,4,TRAIN,False
493974,4,TRAIN,False
494073,4,TEST,True
494406,4,TRAIN,False
495279,4,TRAIN,True
495291,4,TRAIN,True
495562,4,TRAIN,True
495645,4,TRAIN,False
495659,4,VAL,False
495677,4,TEST,True
495690,4,TRAIN,False
495695,4,TRAIN,False
495888,4,TRAIN,False
496000,4,VAL,False
496158,4,TRAIN,False
496194,1,TRAIN,True
496277,4,TRAIN,True
496309,4,VAL,False
496356,4,TEST,True
496384,4,TRAIN,False
496671,1,TRAIN,True
497142,4,TRAIN,False
497212,4,TRAIN,False
497602,4,VAL,False
497603,4,TRAIN,False
497908,4,TRAIN,False
498198,4,VAL,True
498487,1,TRAIN,True
498489,4,TEST,True
498673,4,TRAIN,False
498832,4,TRAIN,True
499258,4,TRAIN,True
499313,4,TRAIN,False
499322,4,TRAIN,False
499369,4,TEST,False
499374,4,TRAIN,False
499494,4,TRAIN,False
499541,4,VAL,True
499603,4,TEST,True
499727,4,TRAIN,False
499962,4,TRAIN,False
5000,1,VAL,True
50009,4,TRAIN,True
5001,1,TRAIN,True
5002,1,TEST,True
50025,1,TRAIN,False
50027,1,TRAIN,True
50028,1,TRAIN,True
5003,1,TEST,True
500366,4,TRAIN,False
5004,1,TRAIN,True
500413,4,TRAIN,True
50044,1,TRAIN,True
5005,1,TRAIN,True
5006,1,TRAIN,True
500673,4,TRAIN,False
5007,1,TEST,True
5008,1,TRAIN,True
50081,4,TRAIN,True
50086,1,VAL,True
50088,1,TRAIN,True
5009,1,VAL,True
50091,1,TEST,False
5010,1,TEST,True
501057,4,TRAIN,False
5011,1,TRAIN,True
50110,4,VAL,True
501160,4,VAL,False
5012,1,TRAIN,True
5013,1,VAL,True
501339,4,TRAIN,False
5014,1,TRAIN,True
50141,1,VAL,False
50143,4,TRAIN,True
501452,4,TRAIN,True
5015,1,TEST,True
50157,1,TRAIN,True
5016,1,TRAIN,True
5017,1,TRAIN,True
50172,4,TEST,True
501740,4,TRAIN,True
50175,1,TRAIN,True
5018,1,TRAIN,True
50184,4,TRAIN,True
501841,4,TRAIN,True
501875,4,TEST,False
50192,1,TEST,True
501941,4,TRAIN,False
50195,1,VAL,True
502127,4,TRAIN,False
502187,4,TRAIN,False
50219,4,TRAIN,True
50222,4,TEST,True
50225,4,VAL,True
502364,4,TRAIN,False
502386,4,TRAIN,True
502492,4,TRAIN,True
502586,4,TEST,False
502715,4,TRAIN,True
50275,4,VAL,True
502870,4,TEST,True
502919,4,TRAIN,False
502931,4,TRAIN,True
503041,4,TRAIN,False
503089,4,VAL,False
503132,4,TRAIN,False
503167,1,TRAIN,True
50319,1,TRAIN,True
503231,4,TRAIN,False
50328,4,VAL,True
503314,4,TRAIN,False
503329,4,TRAIN,False
503362,4,VAL,True
503432,4,TEST,True
503515,1,TRAIN,True
503779,4,VAL,True
503787,4,VAL,True
50379,4,TRAIN,True
503884,4,VAL,True
503978,4,TEST,False
504035,4,TRAIN,False
504057,4,TRAIN,False
504436,1,VAL,True
50451,4,VAL,True
50455,4,TRAIN,True
50462,4,TRAIN,True
504642,4,TRAIN,False
50485,1,TRAIN,True
50509,1,TRAIN,True
505101,1,TEST,True
505221,4,TRAIN,False
505300,1,TRAIN,True
505455,4,VAL,True
50557,4,TEST,True
50572,4,VAL,True
505858,4,TRAIN,False
50592,1,TRAIN,False
505968,1,TRAIN,True
506064,4,VAL,False
506206,4,TRAIN,True
50621,1,TRAIN,True
506636,4,VAL,False
50670,4,TRAIN,True
506968,4,VAL,True
507215,4,TRAIN,False
50746,1,VAL,True
507463,4,VAL,False
507474,4,TRAIN,False
507589,4,TRAIN,False
507842,1,TRAIN,True
50829,1,TRAIN,True
508360,4,TRAIN,False
508418,4,TEST,False
508457,4,TRAIN,True
508571,1,TRAIN,True
50860,1,TRAIN,True
508614,1,TRAIN,True
508935,4,TRAIN,True
50901,1,TRAIN,True
509325,4,TRAIN,True
509380,4,TRAIN,False
50961,4,TEST,True
509778,4,TRAIN,True
509806,4,TRAIN,True
50983,1,VAL,True
509858,4,TRAIN,True
510250,4,VAL,True
510459,4,TRAIN,True
510833,4,TRAIN,False
510950,4,TRAIN,True
510978,1,TRAIN,True
511006,4,TRAIN,False
511443,4,TEST,False
51186,1,TRAIN,True
512167,4,TRAIN,False
512190,4,TRAIN,False
512238,4,TRAIN,True
512304,4,TRAIN,True
51232,1,TRAIN,True
512353,4,TRAIN,False
512372,1,TRAIN,False
512379,1,VAL,False
512463,4,TEST,True
512466,1,TRAIN,True
51247,4,TEST,True
512482,4,TRAIN,False
51252,1,TRAIN,True
512938,4,TRAIN,False
513006,4,TRAIN,True
51302,4,TEST,True
51311,4,TRAIN,True
513228,4,TRAIN,False
51330,4,TEST,True
513314,4,VAL,True
513436,4,TRAIN,True
513450,4,TRAIN,True
513631,4,TRAIN,True
513638,1,TEST,True
513676,4,TRAIN,False
513689,4,VAL,False
513912,4,TRAIN,False
51392,4,TRAIN,True
51440,1,VAL,True
514401,4,VAL,False
51441,4,TRAIN,True
514575,4,TRAIN,False
514650,4,TRAIN,True
514807,4,TRAIN,True
51514,4,TRAIN,True
51518,1,TRAIN,True
515263,4,TRAIN,False
51540,4,TRAIN,True
51544,1,TRAIN,True
51551,1,TRAIN,True
515546,4,TRAIN,False
51557,4,TRAIN,True
516053,4,TRAIN,True
516056,4,VAL,True
516136,4,TEST,False
516143,1,TRAIN,True
51625,1,TRAIN,True
516292,4,VAL,False
51632,1,TRAIN,True
516338,4,TRAIN,True
516442,4,VAL,True
516493,4,VAL,False
516534,4,TRAIN,False
516564,4,TEST,True
516575,1,TRAIN,True
516642,4,TRAIN,True
51675,4,TRAIN,True
516767,4,VAL,True
51680,4,TRAIN,True
51689,4,VAL,True
516965,4,TRAIN,False
516982,4,TRAIN,True
51714,4,TRAIN,True
51731,1,TRAIN,True
517432,4,TEST,False
51746,4,TRAIN,True
517503,4,TRAIN,True
51755,4,TRAIN,True
517616,4,TRAIN,True
51782,4,VAL,True
517833,4,TRAIN,False
517969,4,TRAIN,True
517973,4,TRAIN,False
51800,1,TRAIN,True
51801,1,TRAIN,False
518043,1,TRAIN,True
518112,4,TRAIN,True
518162,4,VAL,True
51844,1,TEST,True
518558,4,TRAIN,False
518606,1,TRAIN,True
51867,4,TRAIN,True
518738,1,TRAIN,True
519015,4,TRAIN,True
51912,4,TRAIN,True
51914,1,TRAIN,True
519272,4,VAL,False
519435,4,TEST,False
519580,4,TRAIN,True
519631,1,TEST,True
51971,1,TEST,True
52002,4,TRAIN,True
52006,4,TRAIN,True
520139,4,VAL,True
520419,4,VAL,True
520505,4,TRAIN,True
520576,4,TRAIN,False
52062,1,TRAIN,True
520862,4,TRAIN,False
521003,4,TRAIN,False
521022,4,TRAIN,True
52128,1,TRAIN,True
52146,1,TRAIN,True
521578,4,TRAIN,False
521582,4,TEST,False
52200,4,TRAIN,True
522000,4,TRAIN,False
522071,1,VAL,True
52215,4,TRAIN,True
522198,4,TRAIN,False
522514,1,VAL,True
52258,4,VAL,True
522583,1,TRAIN,True
522653,1,TRAIN,True
52274,4,TRAIN,True
52275,4,TRAIN,True
52276,4,TRAIN,True
52278,4,TRAIN,True
522809,4,TRAIN,True
522818,4,VAL,False
523313,4,VAL,False
52353,4,TRAIN,True
52355,4,TEST,True
52362,4,TRAIN,True
523659,4,TRAIN,True
523675,4,TRAIN,False
523684,4,TRAIN,False
523909,4,VAL,False
52400,4,TEST,True
52414,4,TRAIN,True
524175,4,TRAIN,False
524243,4,VAL,True
52432,4,TRAIN,True
524611,4,TRAIN,False
524654,4,TRAIN,False
524948,4,TRAIN,False
524964,4,TRAIN,True
524967,4,TEST,False
52515,4,TRAIN,True
52517,4,VAL,True
52518,4,TRAIN,True
52523,4,TRAIN,True
52524,4,VAL,True
525262,4,VAL,False
52530,1,VAL,True
52543,4,TRAIN,True
52563,4,TRAIN,True
525652,1,TRAIN,False
525855,4,TRAIN,True
52587,4,VAL,True
52604,4,TRAIN,True
52634,4,TEST,True
526532,4,VAL,True
526613,4,TRAIN,True
526719,4,TRAIN,False
52678,1,TRAIN,True
527075,1,TRAIN,False
527132,1,TRAIN,True
527319,4,TRAIN,True
527396,1,TEST,True
52748,4,TRAIN,True
52752,4,TRAIN,True
527576,4,TRAIN,False
527685,4,VAL,False
52783,4,VAL,True
52787,4,TEST,True
528166,4,TRAIN,False
52828,4,TRAIN,True
528307,4,TEST,True
52854,4,TRAIN,True
528663,1,TRAIN,False
52871,4,VAL,True
52872,4,TRAIN,True
52874,4,TRAIN,True
52888,4,VAL,True
529198,4,TRAIN,False
52927,4,TRAIN,True
52932,4,TEST,True
52948,4,TRAIN,True
52982,4,TRAIN,True
529947,4,VAL,False
530108,4,TRAIN,False
53015,4,TRAIN,True
530160,4,TRAIN,False
530225,4,TEST,False
53033,4,TRAIN,True
53044,4,TRAIN,True
53054,4,TEST,True
530588,4,TRAIN,False
53060,1,TEST,True
530827,4,TRAIN,False
53113,4,TRAIN,True
531254,4,TRAIN,False
531679,4,TRAIN,True
531782,4,TRAIN,False
532055,4,TEST,True
532060,4,VAL,True
532076,4,TRAIN,True
532342,4,TRAIN,True
532578,4,TRAIN,False
53258,4,VAL,True
532606,4,TRAIN,False
53308,4,TRAIN,True
53310,4,TRAIN,True
533208,4,VAL,True
533210,1,TRAIN,True
53339,1,TRAIN,True
53340,4,TEST,True
533437,4,VAL,False
533529,4,TRAIN,True
533581,4,TRAIN,True
533599,4,TRAIN,False
533750,4,TEST,False
533760,4,TRAIN,False
533774,4,TEST,True
533802,4,TEST,False
533900,4,TRAIN,True
534071,4,TRAIN,False
534110,4,TEST,False
534169,4,VAL,False
53423,4,VAL,True
534536,4,TRAIN,True
534621,1,TRAIN,False
534937,4,VAL,False
535019,4,TRAIN,True
53518,4,VAL,True
53519,4,TRAIN,True
535248,4,TRAIN,True
535329,4,TRAIN,False
535376,4,TRAIN,True
535593,4,VAL,False
535688,1,TRAIN,True
535870,4,TRAIN,True
535871,1,TRAIN,True
53595,1,TRAIN,True
535977,1,TRAIN,True
53600,1,TRAIN,True
536013,1,TRAIN,False
536201,4,TRAIN,False
536246,4,TRAIN,False
536526,1,TRAIN,True
536645,1,TRAIN,True
536726,1,TRAIN,True
53677,4,TRAIN,True
536849,4,TRAIN,False
537114,1,VAL,True
537300,4,TRAIN,False
537456,4,TRAIN,False
537585,1,TRAIN,True
537922,4,TRAIN,False
538291,4,TRAIN,True
53866,4,TRAIN,True
538968,4,TRAIN,True
539145,4,VAL,False
53925,4,TRAIN,True
539353,4,TEST,False
539594,4,TRAIN,False
539621,4,VAL,False
539644,4,TEST,False
539766,1,VAL,True
539771,4,VAL,False
539810,4,TEST,True
53988,1,VAL,True
539973,4,TRAIN,False
540217,4,TRAIN,True
54048,4,VAL,True
540571,4,TRAIN,False
540595,4,TEST,True
540637,4,TRAIN,True
540697,4,VAL,True
540782,4,TEST,False
54110,4,TEST,True
541158,4,TEST,True
541236,4,TRAIN,True
54144,1,TRAIN,True
54156,4,VAL,True
54161,1,TEST,True
541638,4,VAL,False
54166,4,TRAIN,True
541758,1,TRAIN,True
54196,4,TEST,True
541964,1,TRAIN,True
54197,1,TRAIN,True
54198,4,TRAIN,True
542013,4,TRAIN,False
542021,4,TRAIN,False
542081,1,TEST,True
54215,4,VAL,True
542174,1,TRAIN,True
542315,4,TRAIN,True
542348,4,TRAIN,True
542512,4,TRAIN,False
542572,4,TEST,False
54262,4,VAL,True
542633,4,VAL,True
542635,1,VAL,True
54265,1,TRAIN,True
54266,4,TRAIN,True
543035,4,VAL,False
54309,4,TEST,True
543126,4,TRAIN,True
543139,4,TRAIN,True
543345,4,TEST,False
543356,4,VAL,True
543442,4,TRAIN,True
543503,4,TRAIN,False
543522,4,TRAIN,False
54364,4,TRAIN,True
543661,4,TRAIN,True
543665,4,TEST,True
54373,4,TRAIN,True
543791,4,TRAIN,False
543866,4,VAL,True
543872,4,VAL,False
54391,4,TRAIN,True
543937,4,TEST,False
543970,4,VAL,False
544187,1,TEST,True
544240,4,TRAIN,False
544411,1,TRAIN,True
54446,4,VAL,True
544525,4,TRAIN,False
54461,4,TRAIN,True
544697,1,TRAIN,True
544977,4,TRAIN,False
545297,4,TRAIN,False
545356,4,TRAIN,True
545508,4,VAL,False
545546,4,TRAIN,False
545769,4,TRAIN,False
545885,4,TRAIN,False
545913,4,TRAIN,True
545921,4,TRAIN,False
546130,4,VAL,True
546248,4,TRAIN,True
546316,4,TRAIN,True
546682,1,TEST,True
546704,1,VAL,True
546708,1,TRAIN,True
546811,1,TRAIN,False
546857,1,TEST,False
546883,1,TRAIN,True
54695,1,TRAIN,True
547297,4,TEST,True
547317,1,TRAIN,True
547350,4,VAL,False
547395,4,TRAIN,False
547399,1,VAL,True
547473,1,TRAIN,False
547518,4,TEST,False
547602,4,TRAIN,False
547736,1,TRAIN,True
547760,4,VAL,False
547898,4,TEST,True
547940,4,VAL,False
548126,4,TRAIN,False
548164,4,TRAIN,False
548192,4,TRAIN,False
548442,4,VAL,True
548521,4,TRAIN,False
548692,4,VAL,False
548739,4,TRAIN,False
548801,4,TRAIN,False
548825,4,TRAIN,True
548828,4,TRAIN,True
548913,4,TRAIN,False
548921,4,TRAIN,False
548922,4,TRAIN,True
548938,4,VAL,False
549048,4,TRAIN,True
549050,4,VAL,True
549052,4,TRAIN,False
549055,4,TEST,True
549072,4,TRAIN,False
54908,4,TRAIN,True
54915,4,TRAIN,True
549205,4,TRAIN,False
549230,4,TEST,True
54937,4,TRAIN,True
549465,4,TRAIN,True
549526,4,TRAIN,False
549691,4,TRAIN,False
549764,4,TRAIN,False
549795,4,TRAIN,False
549861,4,TRAIN,False
549882,4,TRAIN,False
54991,4,TEST,True
549939,1,VAL,True
550108,4,TRAIN,False
55031,4,TRAIN,True
550379,4,TEST,False
550483,4,TRAIN,False
550542,4,TRAIN,False
550662,4,TRAIN,True
550720,1,VAL,True
55094,4,TRAIN,True
55098,4,TRAIN,True
551095,4,TRAIN,False
551191,4,TRAIN,True
55124,1,TRAIN,True
55151,4,TRAIN,True
551666,4,TRAIN,True
551745,4,TEST,True
551815,4,TRAIN,False
551891,4,TRAIN,False
552032,4,TRAIN,False
552077,1,TRAIN,True
552145,4,TRAIN,True
552365,4,TEST,False
55251,1,TRAIN,True
552680,4,TEST,True
552749,1,TEST,True
55282,4,TEST,True
552840,1,TEST,True
552895,4,TRAIN,True
553061,4,TRAIN,False
553110,1,TEST,True
553135,1,TRAIN,True
553195,1,TRAIN,True
553308,4,VAL,False
55349,4,TRAIN,True
553496,1,VAL,True
553561,1,TRAIN,True
553582,1,TRAIN,True
553634,1,TRAIN,True
553638,4,VAL,False
55380,4,TRAIN,True
553832,4,VAL,False
55395,1,TRAIN,True
554135,1,TRAIN,True
554152,4,TRAIN,True
554297,1,VAL,False
554388,4,TRAIN,False
55441,1,TEST,True
554462,4,TRAIN,False
554499,1,TRAIN,True
554531,4,TRAIN,True
55468,1,TRAIN,True
554775,1,TRAIN,True
554821,4,TEST,False
555084,4,TRAIN,True
555188,4,TRAIN,False
555285,1,TRAIN,True
555398,4,TEST,True
555522,1,TRAIN,True
55557,4,TRAIN,True
55560,4,TRAIN,True
555673,4,TRAIN,False
55577,4,TRAIN,True
555827,1,TRAIN,True
555906,1,VAL,True
556033,4,TRAIN,False
556077,4,TRAIN,True
55615,1,TEST,True
556233,4,TRAIN,False
556305,1,TEST,True
556502,4,TRAIN,False
55653,4,VAL,True
556535,4,TEST,True
556704,4,TRAIN,False
556788,4,TRAIN,False
556830,4,TRAIN,False
556838,1,TRAIN,False
557005,4,TRAIN,False
557007,1,TRAIN,True
557035,4,TRAIN,True
557188,4,TRAIN,False
557197,4,TRAIN,True
557299,4,TEST,False
557834,4,TRAIN,False
557840,4,TRAIN,False
557848,4,VAL,True
557915,4,VAL,False
558072,1,TEST,True
558140,4,TRAIN,False
55822,4,TRAIN,True
558221,4,TRAIN,True
558228,4,TRAIN,False
558237,4,TRAIN,True
558261,4,TRAIN,False
558279,4,TRAIN,False
558284,4,TRAIN,False
558318,4,TRAIN,False
558347,4,TRAIN,True
558357,4,TRAIN,False
558385,4,TRAIN,False
558412,4,VAL,False
558419,4,TRAIN,True
55842,4,TRAIN,True
558436,4,TRAIN,False
558554,4,TRAIN,False
558593,4,TRAIN,True
558663,4,TRAIN,False
55875,1,VAL,True
558905,4,VAL,False
558927,4,TEST,True
559077,4,TRAIN,True
559095,4,TRAIN,False
559102,4,TRAIN,False
559141,4,TRAIN,False
559164,4,TRAIN,False
559355,1,VAL,True
559427,4,VAL,False
55984,4,TRAIN,True
560076,4,TRAIN,False
560310,4,TEST,False
56048,4,TEST,True
560646,4,TRAIN,False
560678,4,TRAIN,False
56126,4,TRAIN,True
561269,4,TRAIN,False
56136,4,TRAIN,True
56169,4,TRAIN,True
56175,4,TRAIN,True
561821,4,TRAIN,True
56184,4,TRAIN,True
561999,4,TRAIN,False
562032,4,TRAIN,False
562902,4,TRAIN,False
562930,4,TEST,False
563123,4,VAL,False
563214,4,TRAIN,False
563231,4,TRAIN,False
563308,4,TRAIN,False
563685,4,TEST,False
563701,4,VAL,False
564031,1,VAL,False
56405,1,TRAIN,True
564071,4,TRAIN,False
56435,1,TRAIN,True
564451,4,TRAIN,False
56457,4,TRAIN,True
56491,4,TRAIN,True
56492,4,TRAIN,True
565050,4,TRAIN,True
565060,4,TRAIN,False
56558,1,TEST,True
56571,4,TRAIN,True
56582,4,TRAIN,True
56593,4,TRAIN,True
566156,4,TRAIN,False
566458,4,TRAIN,False
56680,4,TRAIN,True
566984,1,TRAIN,True
56706,4,TRAIN,True
56744,1,TRAIN,True
567519,4,TRAIN,True
567582,4,TRAIN,True
56761,1,TRAIN,True
567654,4,TRAIN,False
567685,1,TRAIN,False
567748,4,TRAIN,False
567787,4,TRAIN,True
56779,4,TRAIN,True
567807,4,TRAIN,False
567860,4,TRAIN,False
56789,4,TRAIN,True
56800,4,TRAIN,True
568008,4,TRAIN,False
56807,4,TRAIN,True
568076,4,TEST,True
568305,4,TRAIN,False
568664,4,TRAIN,False
56886,4,TRAIN,True
569009,4,TRAIN,False
569193,4,TRAIN,False
569223,4,TEST,False
569322,4,TRAIN,False
56946,4,TRAIN,False
56949,4,TRAIN,False
569513,4,TRAIN,False
56954,4,TRAIN,True
570305,4,VAL,True
57037,1,TRAIN,True
570731,4,TRAIN,False
570793,4,TEST,False
570865,4,TRAIN,False
57090,1,TRAIN,True
571000,4,TRAIN,True
571005,1,TRAIN,True
571108,4,TEST,False
57127,1,TEST,True
571299,4,TRAIN,False
571300,4,TRAIN,True
571347,4,TRAIN,True
57159,4,TEST,True
571646,4,TRAIN,True
571674,4,TRAIN,False
57170,4,TRAIN,True
571957,4,VAL,False
571972,4,VAL,False
572187,1,TRAIN,True
572273,4,TRAIN,False
57234,4,TRAIN,True
572416,4,VAL,False
572429,4,TRAIN,False
572431,1,TRAIN,True
572480,4,TRAIN,False
572481,4,VAL,True
572484,4,TEST,False
572488,4,VAL,False
572491,4,TRAIN,True
572493,4,TRAIN,False
572495,4,TRAIN,False
572588,4,TRAIN,False
572629,4,TRAIN,False
572640,4,TRAIN,False
572727,4,TEST,False
57277,4,TRAIN,True
572820,4,TEST,True
57292,4,TRAIN,True
573011,1,VAL,True
573013,4,VAL,False
573154,4,TRAIN,True
573155,4,TRAIN,False
57347,4,TRAIN,True
57348,4,TRAIN,True
573594,4,TRAIN,False
57398,4,TRAIN,True
574227,4,TRAIN,False
57447,4,TRAIN,True
57484,4,VAL,True
57500,4,TEST,True
575184,4,TRAIN,True
575536,4,TRAIN,False
575565,4,VAL,False
57605,4,VAL,True
576387,4,TRAIN,False
576557,4,TEST,False
576651,4,TRAIN,False
57670,4,VAL,True
576987,4,VAL,True
577063,4,VAL,False
57714,4,TRAIN,True
577205,4,TRAIN,False
57738,4,TRAIN,True
577824,4,TRAIN,True
57798,1,TRAIN,True
57813,1,VAL,True
578625,4,TRAIN,False
578643,4,TRAIN,False
578683,4,TRAIN,False
57869,1,TEST,True
57880,1,TRAIN,True
57887,1,TEST,True
579200,4,TEST,False
579428,4,TRAIN,False
57946,4,TRAIN,True
57961,4,TRAIN,True
57965,4,TRAIN,True
579963,4,TEST,False
580097,4,TRAIN,False
58026,4,TRAIN,True
58027,4,TRAIN,True
58030,1,TRAIN,True
58070,4,TRAIN,True
58074,4,TRAIN,True
58099,4,TRAIN,True
58111,4,TRAIN,True
581212,4,TRAIN,False
581267,4,TRAIN,False
58138,4,TEST,True
58141,1,TRAIN,True
58164,4,VAL,True
581725,4,TRAIN,False
58182,4,VAL,True
582027,1,TRAIN,False
58221,4,TEST,True
58224,4,VAL,True
58270,4,TRAIN,True
582964,4,TEST,False
58327,4,TRAIN,True
58342,4,TRAIN,True
583819,1,TRAIN,True
584078,4,TRAIN,False
58420,1,TEST,True
584269,4,VAL,True
584277,4,TRAIN,False
58431,1,TRAIN,True
58438,1,VAL,True
584388,4,VAL,False
58454,1,TEST,True
584657,4,VAL,True
58510,1,TRAIN,True
58527,4,TRAIN,True
585370,4,VAL,True
58550,1,TRAIN,True
585658,4,TRAIN,True
586059,4,TRAIN,False
586093,4,TRAIN,False
58653,4,VAL,True
58671,1,TRAIN,True
58680,4,TEST,True
58694,4,TRAIN,True
587001,4,TRAIN,True
587068,4,TRAIN,False
58716,4,TRAIN,True
58721,4,TEST,True
587255,4,TRAIN,False
587420,4,VAL,False
587631,4,TRAIN,False
58767,4,TEST,True
587718,4,TRAIN,False
587763,4,TEST,False
587787,4,TRAIN,False
58783,1,VAL,True
588082,1,TRAIN,True
58843,4,TEST,True
58865,4,TRAIN,True
588780,4,VAL,True
589057,4,TEST,False
589061,4,TRAIN,True
58909,4,TRAIN,True
58916,4,TRAIN,True
589193,4,TRAIN,True
589231,4,TRAIN,False
589309,4,TRAIN,False
589572,4,TRAIN,False
589681,4,VAL,False
58990,4,TEST,True
589987,4,TRAIN,True
59042,4,TRAIN,True
59053,4,TRAIN,True
590622,4,TRAIN,False
590641,4,VAL,False
590737,4,TRAIN,False
591168,4,TRAIN,False
59121,1,TRAIN,True
59152,4,TRAIN,True
591532,4,TRAIN,False
59154,4,TRAIN,True
591619,4,TEST,False
591675,4,TRAIN,True
591732,4,TRAIN,False
59174,4,TRAIN,True
591761,4,TRAIN,False
59178,4,TRAIN,True
591847,4,TRAIN,False
591873,4,TRAIN,False
59253,4,TRAIN,True
59293,4,VAL,True
593004,4,TRAIN,False
59310,4,TEST,True
593348,4,VAL,False
59390,4,TRAIN,True
593930,1,VAL,True
593956,4,TRAIN,False
59398,1,VAL,True
594054,4,TRAIN,False
59409,4,TRAIN,True
594224,4,TRAIN,False
594349,4,TRAIN,False
594459,4,TRAIN,False
594464,1,TRAIN,True
594503,4,TEST,False
594518,4,TRAIN,False
59466,4,TEST,True
594683,1,TRAIN,True
59483,4,TRAIN,True
595023,4,TRAIN,False
59503,4,TRAIN,True
595057,1,TRAIN,True
59507,1,TRAIN,True
595106,4,TEST,False
59539,4,VAL,True
59545,4,TRAIN,True
59552,4,TRAIN,True
59558,4,VAL,True
595741,4,TRAIN,False
595756,1,TRAIN,True
59583,4,TRAIN,True
595944,4,TEST,True
59614,4,TRAIN,True
596301,4,VAL,True
596343,4,VAL,False
59649,1,TRAIN,True
596530,4,TRAIN,False
596664,4,TRAIN,False
597002,4,TEST,False
597021,1,TRAIN,True
597039,4,TRAIN,False
597057,4,VAL,False
597076,4,VAL,False
597194,1,TRAIN,False
59724,1,TRAIN,True
597260,1,TRAIN,True
59733,4,TRAIN,True
597783,1,TEST,False
597846,1,TRAIN,True
597853,4,TEST,False
59797,4,TEST,True
597972,4,TRAIN,False
598033,4,TRAIN,False
598158,4,TRAIN,False
598479,4,TRAIN,False
598628,4,TRAIN,False
59866,4,TRAIN,True
59869,4,TRAIN,True
599243,4,TRAIN,False
599497,4,TRAIN,False
599719,4,TRAIN,True
599787,1,TEST,True
599801,4,TRAIN,False
599815,4,TEST,False
599858,4,VAL,False
599963,4,TEST,False
60002,4,TRAIN,True
60003,4,TRAIN,True
60004,4,TRAIN,True
60005,4,TRAIN,True
60006,4,TRAIN,True
60010,4,TRAIN,True
60013,4,VAL,True
60014,4,TEST,True
60015,4,TRAIN,True
60019,4,TRAIN,True
60020,4,TRAIN,True
60021,4,TRAIN,True
60023,4,TRAIN,True
60024,4,TRAIN,True
600240,4,TRAIN,True
60025,4,TEST,False
60026,4,TRAIN,False
60027,4,TRAIN,False
60028,4,TRAIN,False
60029,4,TRAIN,False
60033,4,TRAIN,True
60034,4,VAL,True
60035,4,TRAIN,True
60036,4,TRAIN,True
600392,4,VAL,False
60040,4,TRAIN,True
60041,4,VAL,True
60043,4,VAL,True
60044,4,TRAIN,True
600446,4,TRAIN,False
60045,4,TRAIN,True
60046,4,TRAIN,True
60047,4,TRAIN,True
60048,4,TRAIN,True
60049,4,TRAIN,True
600495,4,TEST,False
60050,4,TRAIN,True
60051,4,TRAIN,False
60052,4,TRAIN,False
60053,4,TRAIN,True
60054,4,TRAIN,False
60055,4,TEST,False
60056,4,TRAIN,True
60057,4,TRAIN,True
60058,4,TRAIN,True
60059,4,TRAIN,True
60060,4,TEST,True
60061,4,TEST,False
60062,4,TRAIN,False
60063,4,TEST,True
60064,4,TRAIN,False
60065,4,TRAIN,True
60066,4,TRAIN,True
60067,4,TEST,True
60068,4,TRAIN,False
60069,4,TRAIN,False
60070,4,VAL,True
60072,4,TRAIN,True
60073,4,TRAIN,True
60074,4,TRAIN,True
60075,4,TRAIN,True
600784,4,TRAIN,False
60091,4,TRAIN,True
60095,4,TRAIN,True
600952,4,VAL,False
60096,4,TRAIN,True
60097,4,TEST,True
60098,4,VAL,False
60099,4,TRAIN,True
60100,4,TRAIN,True
60101,4,TRAIN,True
60102,4,TRAIN,True
60103,4,TRAIN,True
601037,4,VAL,False
60104,4,TRAIN,False
60105,4,TRAIN,True
60106,4,TRAIN,True
60107,4,TRAIN,True
60108,4,VAL,True
60109,4,TRAIN,True
60110,4,TRAIN,False
60111,4,TRAIN,False
60112,4,TRAIN,True
60113,4,VAL,True
60114,4,TRAIN,True
60115,4,TRAIN,False
60116,4,TRAIN,True
60117,4,TRAIN,False
60118,4,TRAIN,True
60119,4,TRAIN,True
60120,4,TRAIN,False
60122,4,TRAIN,True
60123,4,VAL,True
60125,4,TRAIN,True
60130,4,TRAIN,True
601316,4,TRAIN,False
60132,4,TRAIN,True
60134,4,VAL,True
601406,4,TRAIN,False
60145,4,VAL,True
60146,4,TEST,True
60147,4,TRAIN,True
60148,4,TEST,True
60170,4,VAL,True
60171,4,TRAIN,True
601867,4,TRAIN,True
602128,4,VAL,False
602176,1,TEST,True
602258,4,TRAIN,False
60231,4,TRAIN,True
602404,4,TRAIN,False
602412,4,TRAIN,True
602421,4,VAL,False
602481,1,VAL,True
602658,4,TRAIN,False
602698,4,TEST,True
603160,4,TRAIN,False
603167,4,VAL,False
603192,4,TEST,False
603674,4,TRAIN,False
603765,4,VAL,False
604075,4,TRAIN,True
604232,4,TRAIN,False
604282,4,TRAIN,False
604451,4,TRAIN,True
604746,4,TRAIN,False
605104,4,TEST,False
605168,1,VAL,True
605335,1,TEST,True
605344,4,VAL,False
605982,1,TEST,True
606052,4,TRAIN,True
607064,4,TRAIN,False
607312,4,VAL,True
607451,4,TEST,False
607786,4,TRAIN,False
607883,4,TRAIN,False
607894,4,TRAIN,False
608004,4,TRAIN,True
608138,4,TRAIN,False
608261,4,TRAIN,True
608300,4,TRAIN,False
608334,4,TRAIN,False
608351,4,VAL,False
608406,4,TRAIN,False
608452,4,TRAIN,False
608893,4,TRAIN,False
608989,4,TEST,True
609399,4,VAL,True
609523,4,TRAIN,False
609586,4,TEST,True
609851,4,TRAIN,False
609878,4,TRAIN,False
610207,4,TRAIN,True
610278,4,TRAIN,False
610344,4,TRAIN,False
610497,4,TRAIN,False
610505,4,TRAIN,True
610617,4,VAL,False
610882,4,TRAIN,False
611316,4,TRAIN,False
611436,4,TRAIN,False
611577,4,TRAIN,True
611651,4,TRAIN,False
611800,4,VAL,False
612105,4,TRAIN,False
612622,4,VAL,False
612653,4,TEST,False
613065,4,TRAIN,False
613071,4,TEST,False
613127,4,VAL,False
613148,4,TEST,False
613199,4,TRAIN,False
613315,4,VAL,False
613499,4,TEST,False
613934,4,TRAIN,False
614179,4,TRAIN,False
614200,4,TEST,False
614234,4,TRAIN,False
614282,4,TRAIN,False
614371,4,TRAIN,False
614554,4,TRAIN,False
614599,4,TRAIN,False
614644,4,TEST,False
614689,4,TRAIN,True
614776,4,VAL,True
614802,4,VAL,False
614843,4,TRAIN,False
614923,1,TEST,True
615006,4,TRAIN,False
615102,4,TRAIN,False
615124,4,TRAIN,False
615323,1,TEST,True
615620,4,TRAIN,False
616086,4,TRAIN,False
616106,1,TRAIN,True
616160,4,TRAIN,False
616252,1,TEST,True
616401,4,TRAIN,False
616934,4,TEST,False
616993,1,TRAIN,True
617057,4,TRAIN,False
617110,4,TRAIN,False
617592,1,TRAIN,True
617642,4,TEST,False
617678,1,TEST,True
617742,1,TRAIN,True
617869,4,TEST,False
618268,4,TRAIN,True
618292,4,TRAIN,False
618348,4,TRAIN,False
618360,4,VAL,False
618479,1,VAL,True
618493,4,TEST,True
618507,4,TRAIN,False
618645,4,TRAIN,False
619179,4,TRAIN,False
619203,4,TRAIN,False
619241,4,TRAIN,False
619248,4,TEST,True
619266,4,TRAIN,True
619274,4,TRAIN,False
619291,4,TRAIN,False
619426,4,TRAIN,False
619498,4,TRAIN,False
619592,4,TRAIN,False
619761,4,VAL,False
619943,4,TEST,False
619987,4,VAL,False
620593,1,VAL,True
620647,4,TRAIN,False
620785,1,TEST,True
621209,4,TRAIN,False
621220,4,TRAIN,False
621813,4,TRAIN,False
622295,4,TRAIN,False
622315,4,TRAIN,False
622552,4,TEST,True
622595,1,TRAIN,True
622633,4,TRAIN,False
622721,4,VAL,False
622740,4,TRAIN,False
622747,4,TRAIN,False
622749,4,TRAIN,True
622807,1,VAL,False
622868,4,TRAIN,False
622915,1,VAL,True
622977,4,TRAIN,False
623116,4,TRAIN,False
623134,1,TEST,True
623151,4,TRAIN,False
623643,4,TRAIN,True
623753,4,TEST,False
623766,4,VAL,False
623771,4,TRAIN,True
624043,4,VAL,False
624220,4,TRAIN,False
624222,4,TRAIN,False
624287,1,TRAIN,True
624474,4,TEST,True
624673,4,TRAIN,True
624757,4,TRAIN,False
624878,4,TEST,True
624904,4,TRAIN,True
625057,4,TRAIN,False
625088,4,TRAIN,False
625089,4,VAL,False
625105,4,TRAIN,False
625319,4,VAL,False
625383,4,TRAIN,False
625525,4,TRAIN,False
625762,4,TRAIN,True
625785,4,TRAIN,False
625883,4,TRAIN,False
625885,4,TRAIN,True
625895,4,TRAIN,False
625938,4,TRAIN,False
625987,4,TRAIN,False
626044,4,TRAIN,False
626090,4,TRAIN,False
626093,4,TRAIN,False
626123,4,TRAIN,False
626127,4,TRAIN,False
626144,4,TEST,False
626197,4,TRAIN,False
626239,1,TEST,True
626288,4,TRAIN,False
626306,4,TEST,False
626352,4,TRAIN,False
626427,4,TRAIN,False
626521,4,TRAIN,False
626528,1,TRAIN,True
626719,1,VAL,True
626877,4,TRAIN,False
626986,4,TRAIN,False
627080,4,TRAIN,True
627124,1,TRAIN,True
627326,4,TRAIN,False
627463,1,TRAIN,False
627481,4,TRAIN,True
627570,4,TEST,False
627737,4,VAL,False
628092,4,TRAIN,False
628295,4,TRAIN,True
628441,4,VAL,False
628513,4,TRAIN,False
628553,4,TRAIN,False
628588,4,TRAIN,False
628705,4,TRAIN,False
628870,4,TEST,False
628872,4,TRAIN,False
628875,4,TRAIN,False
628911,4,TEST,False
629020,4,TRAIN,False
629106,4,VAL,False
629236,4,TRAIN,False
629332,1,TRAIN,True
629362,4,TRAIN,False
629409,1,TRAIN,True
629514,1,TRAIN,True
629555,1,VAL,True
629655,4,TRAIN,False
629724,4,TRAIN,False
629754,4,VAL,False
629789,4,TRAIN,False
629851,4,TRAIN,False
630079,4,VAL,False
630082,4,TRAIN,False
630088,4,TRAIN,False
630093,4,TRAIN,False
630098,4,TEST,False
630456,4,TRAIN,False
630462,4,TRAIN,False
630476,4,TRAIN,False
630526,4,TRAIN,False
630574,4,VAL,False
630669,4,TEST,False
630720,4,TRAIN,True
630732,4,TEST,False
630786,4,TEST,False
630855,4,TEST,False
631084,4,TEST,False
631105,4,VAL,False
631333,1,TRAIN,True
631457,4,TRAIN,False
631496,1,TRAIN,True
631609,4,TEST,False
631728,4,VAL,True
631818,4,TRAIN,False
631858,1,TRAIN,True
631872,4,VAL,False
631949,4,TEST,False
632206,4,TRAIN,False
632885,4,TRAIN,True
632898,4,VAL,False
632918,1,TRAIN,True
632955,4,TRAIN,True
633049,4,TRAIN,False
633662,4,TEST,False
633716,4,TRAIN,False
633770,4,VAL,False
633820,4,TRAIN,False
633882,1,TRAIN,True
634199,4,TRAIN,False
634226,4,TRAIN,False
634658,4,VAL,False
634662,1,VAL,True
634840,4,TRAIN,False
635004,4,TRAIN,True
635013,1,TEST,True
635015,4,TEST,True
635043,4,TRAIN,False
635349,4,VAL,False
635547,1,TEST,True
635552,4,TRAIN,False
635711,1,TRAIN,False
635730,1,VAL,True
635750,4,VAL,False
635959,4,TRAIN,True
636148,4,TRAIN,False
636263,4,TEST,False
636400,4,TRAIN,False
636548,4,TEST,True
637094,4,TEST,False
637360,4,TRAIN,False
637699,4,TEST,False
638068,4,TRAIN,False
638229,1,TRAIN,True
638260,4,TRAIN,False
638399,1,TRAIN,True
638483,4,TRAIN,False
638563,1,TRAIN,True
638613,4,TRAIN,False
638705,4,TRAIN,False
639143,4,TRAIN,False
640219,1,TRAIN,True
640568,4,TRAIN,False
642367,1,VAL,True
642598,4,TRAIN,True
642643,4,TRAIN,False
643790,4,TRAIN,False
644135,4,TRAIN,False
644191,4,TRAIN,False
644273,4,TRAIN,False
644297,1,VAL,True
644693,4,TRAIN,False
645000,4,TRAIN,False
645145,4,TRAIN,False
645209,4,TEST,False
645383,4,TRAIN,False
645400,4,TRAIN,False
645478,4,TRAIN,False
645824,4,TRAIN,False
645838,4,TEST,False
646136,4,TEST,False
646184,4,TRAIN,False
646314,4,TRAIN,False
646609,1,TRAIN,True
646686,4,TRAIN,False
646720,1,VAL,True
646874,4,TEST,False
647273,4,TRAIN,False
647537,4,TEST,False
647651,4,TRAIN,False
648151,4,TRAIN,False
648158,4,TEST,False
648262,4,TRAIN,False
648496,4,TRAIN,False
648801,4,VAL,False
649249,4,TRAIN,True
649344,4,VAL,False
649675,4,TRAIN,False
649979,1,TRAIN,True
65000,4,TRAIN,True
65001,4,TRAIN,True
65002,4,TEST,True
65003,4,TRAIN,True
65004,4,TRAIN,True
65006,4,TRAIN,True
651485,1,TRAIN,True
651806,4,TRAIN,False
651810,4,TRAIN,False
652007,4,TRAIN,False
652024,4,VAL,False
652031,4,TRAIN,False
652207,4,TRAIN,False
652583,4,TEST,False
652703,4,TEST,False
652835,4,TRAIN,True
653066,4,TRAIN,True
653353,4,TRAIN,False
653654,4,TEST,False
653944,4,TRAIN,False
654105,4,TEST,False
654137,4,TEST,False
654240,4,VAL,False
654275,4,TRAIN,False
655838,4,TEST,False
656075,4,TRAIN,False
656953,4,TEST,False
657495,4,TRAIN,False
658057,1,TRAIN,True
659136,1,TRAIN,False
659182,4,VAL,False
659260,4,TEST,False
659545,1,TRAIN,True
659740,4,TRAIN,False
660264,1,TRAIN,True
660272,4,TRAIN,False
660687,4,TRAIN,False
661440,4,TRAIN,False
661812,4,TRAIN,False
661887,4,TRAIN,False
661915,4,TEST,False
662164,4,VAL,False
662287,4,TEST,False
662495,4,TRAIN,False
662508,4,TRAIN,False
663192,4,TRAIN,False
663295,1,TRAIN,True
663364,4,TRAIN,False
663845,4,VAL,False
663860,4,VAL,False
663861,4,TRAIN,False
663958,4,TRAIN,False
663965,4,VAL,False
665613,4,TEST,False
665694,4,VAL,False
666382,4,TEST,False
666738,4,TRAIN,False
666757,4,TRAIN,False
666817,4,TRAIN,False
667071,4,TRAIN,False
668201,4,TRAIN,False
668635,4,TEST,False
668923,1,TEST,False
670556,4,TRAIN,False
670656,4,TRAIN,False
671589,4,TRAIN,False
672031,1,TRAIN,False
673328,4,TRAIN,False
673884,4,TEST,False
674036,4,TRAIN,False
674418,4,VAL,False
674473,4,TEST,False
674580,1,TRAIN,True
675115,4,TEST,False
675692,4,TRAIN,False
676820,4,TRAIN,False
677005,4,TRAIN,False
678435,4,TRAIN,False
678483,4,TRAIN,False
679500,4,TRAIN,False
679897,4,TRAIN,False
680153,4,TRAIN,False
682993,4,TRAIN,False
683387,4,VAL,False
683416,4,VAL,False
683458,4,TRAIN,False
683742,4,TEST,False
684829,4,TRAIN,False
685877,4,TRAIN,False
688000,4,TRAIN,False
688132,4,TRAIN,False
689546,4,TRAIN,False
690173,4,VAL,False
691595,1,TRAIN,True
691926,4,TRAIN,False
693627,4,TRAIN,False
693725,4,TRAIN,False
695069,4,TRAIN,False
697724,4,VAL,False
698363,1,TRAIN,True
698498,4,TRAIN,False
70035,4,TRAIN,True
70067,4,TRAIN,True
700679,4,TRAIN,False
70087,4,VAL,True
70106,4,TRAIN,True
70179,4,TRAIN,True
70188,1,TEST,True
70205,1,TRAIN,True
70241,4,TRAIN,True
702584,4,TRAIN,False
702712,4,TRAIN,False
70326,1,TRAIN,True
70345,4,VAL,True
70347,4,TRAIN,True
70354,1,TRAIN,True
70378,4,TRAIN,True
70432,4,TRAIN,True
70453,4,TRAIN,True
70463,1,TRAIN,True
70519,4,TRAIN,True
70630,4,TRAIN,True
70631,4,VAL,True
70636,4,VAL,True
70645,4,VAL,True
70652,4,TRAIN,True
70654,4,TEST,True
706573,4,TRAIN,False
70658,4,VAL,True
70659,4,TRAIN,True
70736,4,TEST,True
70765,4,TRAIN,True
70810,4,TRAIN,True
70818,1,VAL,True
709660,4,VAL,False
70977,4,TRAIN,True
70991,4,TEST,True
71008,4,TRAIN,True
710161,4,TRAIN,False
710342,4,TRAIN,False
71045,4,TRAIN,True
71065,4,TRAIN,True
71093,1,TRAIN,True
71097,4,TRAIN,True
71098,4,VAL,True
71107,4,TRAIN,True
71150,4,TRAIN,True
711760,4,TRAIN,False
711787,4,TRAIN,False
71189,1,TRAIN,True
71215,4,TRAIN,True
71236,4,TRAIN,True
712475,4,VAL,False
71313,4,TRAIN,True
71375,4,TRAIN,True
71387,4,TRAIN,True
71394,4,TEST,True
71423,4,TRAIN,True
71452,4,VAL,True
71494,4,TRAIN,True
71521,4,TRAIN,True
715518,4,VAL,False
715519,4,TEST,False
716133,4,TRAIN,False
716142,1,TRAIN,True
71658,4,TRAIN,True
71679,4,TRAIN,True
716934,4,TRAIN,False
71770,4,VAL,True
71808,4,TRAIN,True
71809,1,TRAIN,True
71880,4,TRAIN,True
71903,4,TRAIN,True
719101,4,TRAIN,False
71935,1,TRAIN,True
71978,1,VAL,True
719843,4,TRAIN,False
719905,4,TRAIN,False
72082,4,TRAIN,True
72083,4,TRAIN,True
72110,4,TRAIN,True
72138,4,TRAIN,True
72222,4,TRAIN,True
722496,4,TEST,False
72283,4,TRAIN,True
72352,4,TRAIN,True
72419,4,TEST,True
725526,4,TRAIN,False
72562,4,TRAIN,True
72651,4,VAL,True
72760,4,VAL,True
72784,1,TEST,True
72791,4,TRAIN,True
72826,1,TEST,True
72877,4,TRAIN,True
728790,4,TEST,False
730205,1,TRAIN,True
73082,4,TRAIN,True
73114,4,TRAIN,True
73115,1,TRAIN,True
731199,4,TEST,False
73134,4,TRAIN,True
73192,4,VAL,True
733148,4,TEST,False
73397,4,TRAIN,True
73432,4,TRAIN,True
73467,4,TRAIN,True
73614,1,TRAIN,True
73616,4,TRAIN,True
73673,1,TEST,True
73688,4,TRAIN,True
73716,4,VAL,True
73787,4,TRAIN,True
73887,1,TEST,True
73935,1,TRAIN,True
73940,4,TEST,True
74000,4,VAL,True
740010,4,TRAIN,False
74004,4,TRAIN,True
74034,1,TEST,True
74067,1,TRAIN,True
740842,4,TRAIN,False
74158,4,TRAIN,True
74199,1,TRAIN,True
74251,4,VAL,True
74272,4,TRAIN,True
74303,4,VAL,True
74307,4,VAL,True
74312,4,TRAIN,True
74375,4,TRAIN,True
74393,4,TRAIN,True
74497,4,TRAIN,True
74544,4,TRAIN,True
74696,4,VAL,True
74739,4,TRAIN,True
74743,4,TRAIN,True
74763,4,TRAIN,True
74779,4,TRAIN,True
74817,1,VAL,True
74940,4,TRAIN,True
74977,4,TEST,True
750544,4,TRAIN,False
750642,4,TRAIN,False
751214,1,TEST,True
75134,4,TRAIN,True
75149,4,VAL,True
751954,4,TEST,False
75403,4,TEST,True
75409,1,TEST,True
75411,4,VAL,True
75414,4,TRAIN,True
75418,4,TRAIN,True
75419,4,VAL,True
75420,4,TRAIN,True
75421,1,TRAIN,True
75422,4,VAL,True
75423,4,TRAIN,True
75426,4,TRAIN,True
75433,4,TRAIN,True
75434,4,TRAIN,True
75440,4,TEST,True
75441,4,TRAIN,True
75447,4,VAL,True
75450,4,VAL,True
75454,4,TRAIN,True
754606,4,TEST,False
75465,4,TEST,True
75479,4,TRAIN,True
75480,1,TRAIN,True
75484,1,TEST,True
75485,4,VAL,True
75492,4,VAL,True
75496,4,TRAIN,True
75503,4,TRAIN,True
75505,1,TRAIN,True
75508,4,TRAIN,True
75512,4,VAL,True
75520,4,TRAIN,True
75524,1,TRAIN,True
75525,4,TRAIN,True
75537,1,TRAIN,True
75547,4,TRAIN,True
75550,4,TRAIN,True
75562,1,TRAIN,True
75564,4,TRAIN,True
75565,4,TRAIN,True
75570,4,TRAIN,True
85062,4,TRAIN,True
85068,4,TEST,True
85201,4,TRAIN,True
85206,4,VAL,True
85236,4,TEST,True
85242,4,TRAIN,True
90036,4,TRAIN,True
90211,4,TEST,True
90271,4,TRAIN,True
90305,4,TRAIN,True
90397,4,TRAIN,True
90411,4,TRAIN,True
90456,4,TEST,True
90494,4,TRAIN,True
90500,4,TRAIN,False
90614,4,TRAIN,True
90616,4,TEST,True
90668,4,TEST,True
90822,4,VAL,True
90916,4,TRAIN,True
90920,4,TRAIN,True
91097,4,TRAIN,True
91249,4,TEST,True
91296,4,TRAIN,False
91305,4,TRAIN,True
91447,4,TRAIN,False
91548,4,TRAIN,True
91837,4,TRAIN,True
92138,4,TRAIN,True
92490,4,VAL,True
92516,4,TRAIN,True
92560,4,TEST,True
92834,4,VAL,True
92876,4,TEST,False
